Soil_Moisture,LDR,Leaf_Temp,Ambient_Temp,VOC_Level,Leaf_V,Classes
72.84,798.83,24.55,28.74,129.15,0.591,0
67.51,714.95,34.01,27.36,696.5,1.157,2
19.6,864.75,36.5,29.36,297.54,0.739,1
41.23,790.18,39.53,37.34,435.46,1.465,3
77.16,951.42,28.61,28.14,93.56,0.423,0
47.21,756.56,39.59,35.64,415.81,1.192,3
20.89,858.66,36.3,29.11,258.77,0.956,1
74.28,726.7,28.73,29.07,142.26,0.573,0
27.84,737.44,36.51,34.7,121.04,0.844,1
47.79,655.57,34.22,33.73,310.15,1.294,3
13.84,803.11,38.17,28.73,273.5,0.62,1
21.78,566.75,31.82,32.04,236.87,0.99,1
29.25,672.15,30.34,28.1,150.63,0.669,1
23.57,833.96,32.53,28.17,121.72,0.784,1
77.2,907.87,26.79,25.71,120.09,0.547,0
38.84,400.92,41.04,33.08,403.2,1.226,3
31.35,573.45,33.38,30.16,480.81,1.296,3
11.99,573.45,34.41,32.3,275.3,0.92,1
46.23,691.6,26.62,27.12,652.64,0.767,2
82.72,852.21,24.35,29.11,188.75,0.353,0
30.22,874.71,38.38,34.31,355.23,1.254,3
48.78,413.21,32.44,26.31,583.36,1.088,2
44.81,427.5,25.67,27.38,459.82,0.927,2
49.72,611.78,33.48,30.82,546.95,0.919,2
62.0,736.96,25.37,23.2,66.53,0.537,0
69.7,823.22,27.97,23.29,175.56,0.547,0
43.31,760.7,34.61,32.68,316.68,0.896,3
40.53,362.08,35.66,32.47,384.37,1.255,3
46.67,410.01,30.49,27.04,498.13,1.144,2
51.37,574.08,26.14,29.18,560.06,0.979,2
42.07,739.65,35.75,35.8,326.06,0.852,3
44.28,501.58,41.82,37.42,361.52,1.049,3
33.58,394.34,34.62,34.72,369.48,1.189,3
25.98,846.36,32.76,28.48,217.82,0.782,1
33.02,824.73,38.26,35.75,398.87,1.228,3
60.95,990.92,25.44,24.61,62.68,0.484,0
28.8,501.47,36.9,32.66,140.13,0.751,1
17.0,789.58,37.23,32.03,299.71,0.781,1
24.84,514.49,32.97,29.3,262.29,0.702,1
40.24,498.79,40.4,30.46,458.61,0.881,3
64.8,797.49,22.69,24.99,178.2,0.413,0
73.94,754.02,27.12,27.32,95.55,0.409,0
23.22,531.52,32.58,30.81,128.41,0.796,1
89.97,990.02,28.75,25.29,198.59,0.54,0
53.62,412.33,28.78,31.39,417.04,1.198,2
40.78,541.48,28.42,32.74,797.47,1.12,2
32.17,366.92,35.02,32.1,309.6,1.238,3
68.45,467.14,30.98,31.79,679.01,1.111,2
74.06,882.38,28.75,29.05,89.36,0.445,0
39.16,620.06,39.44,30.51,382.76,1.084,3
87.19,726.71,28.97,27.61,98.68,0.478,0
43.34,458.18,38.73,35.63,425.88,1.199,3
65.8,705.05,29.06,31.5,734.65,1.022,2
48.86,931.03,41.46,36.95,387.02,1.202,3
77.73,820.88,26.58,28.92,81.98,0.394,0
45.49,900.45,38.03,32.33,280.71,1.44,3
30.17,814.53,32.32,34.49,286.57,1.382,3
17.43,573.85,37.28,33.69,169.68,0.659,1
68.69,959.77,23.8,26.81,179.87,0.472,0
46.5,711.88,33.61,32.03,479.68,1.04,3
47.56,676.96,36.22,36.3,280.88,1.036,3
85.31,734.78,24.11,23.71,57.53,0.407,0
40.33,563.87,34.94,27.79,674.01,0.869,2
18.61,641.14,30.34,34.62,273.55,0.993,1
52.95,634.35,28.24,26.96,701.85,1.15,2
36.78,401.79,35.5,32.4,318.44,1.358,3
31.27,822.19,37.73,34.61,388.1,1.357,3
36.41,790.64,35.41,36.2,353.95,0.88,3
42.25,694.69,26.46,30.29,417.81,0.729,2
26.78,553.78,33.2,32.06,272.97,0.633,1
10.23,508.37,37.66,34.6,124.49,0.951,1
75.45,998.47,26.55,26.99,63.28,0.465,0
13.52,662.33,36.35,32.47,145.97,0.985,1
68.78,968.26,29.67,23.0,111.0,0.506,0
32.46,329.32,40.01,33.98,337.61,1.248,3
46.42,542.01,28.52,30.18,749.47,0.746,2
26.17,617.57,36.99,32.57,247.88,0.869,1
87.63,928.27,22.09,26.27,69.47,0.337,0
44.18,623.43,31.82,30.61,555.07,1.013,2
25.53,747.38,35.23,29.75,111.9,0.796,1
11.31,864.73,34.13,29.23,118.81,0.819,1
49.03,623.18,34.0,32.7,476.66,1.231,3
42.68,517.51,35.01,33.67,315.0,1.261,3
61.12,433.99,29.17,32.8,775.79,1.09,2
44.73,477.96,33.66,31.62,280.03,1.354,3
46.82,676.44,41.14,36.83,493.49,1.37,3
10.73,734.31,37.76,29.8,182.32,0.634,1
65.71,710.32,27.43,28.49,194.7,0.452,0
64.28,747.2,26.7,27.25,68.31,0.317,0
39.86,691.29,33.44,34.93,399.81,1.141,3
63.06,531.63,33.45,26.46,798.85,1.043,2
71.57,844.1,23.49,29.09,127.55,0.477,0
13.29,876.67,30.22,31.28,126.26,0.944,1
15.86,863.54,31.35,29.73,264.61,0.675,1
63.63,882.29,27.26,23.65,172.61,0.384,0
16.5,722.67,35.88,33.3,250.82,0.973,1
80.6,722.25,25.55,22.94,115.88,0.58,0
23.25,625.01,30.67,31.77,167.1,0.95,1
40.01,323.57,34.65,32.26,309.29,1.408,3
63.0,785.97,26.82,24.9,61.75,0.574,0
49.32,761.27,28.59,26.25,426.65,0.788,2
58.03,648.68,25.1,26.05,778.93,0.909,2
60.17,831.65,26.36,28.75,92.66,0.429,0
59.28,471.38,26.16,30.69,644.51,0.912,2
32.52,544.72,39.93,34.17,363.19,1.441,3
20.99,503.63,33.67,32.51,236.81,0.939,1
89.8,778.43,29.63,23.14,152.45,0.378,0
23.39,635.67,32.67,30.91,247.17,0.763,1
21.73,736.07,37.31,33.3,244.15,0.753,1
85.16,976.21,27.84,23.81,141.39,0.544,0
67.5,647.23,28.17,27.73,570.05,0.804,2
67.07,829.04,27.76,27.26,136.55,0.509,0
64.34,602.49,25.63,29.7,725.67,0.939,2
80.34,886.08,22.21,22.33,92.84,0.597,0
35.63,395.23,32.6,30.72,409.04,0.803,3
47.52,935.9,34.14,31.15,391.17,0.858,3
23.64,850.15,37.27,30.56,272.11,0.926,1
41.74,400.46,33.87,34.09,318.98,1.228,3
23.37,817.92,32.97,31.98,268.3,0.979,1
30.03,925.63,40.57,31.61,374.48,0.883,3
42.07,547.62,32.42,30.27,404.66,1.253,3
41.01,682.34,25.7,29.38,475.4,0.888,2
35.01,451.2,35.81,33.97,394.9,1.154,3
40.6,645.74,32.94,30.38,429.12,0.926,3
88.57,707.7,23.13,25.71,103.85,0.5,0
48.13,877.98,40.97,34.19,321.58,1.009,3
67.96,472.77,31.48,29.53,402.03,1.173,2
43.26,456.04,34.2,27.05,671.79,0.725,2
61.99,586.5,28.43,25.67,498.34,0.888,2
55.15,710.3,27.66,30.95,635.82,1.0,2
23.81,712.27,35.95,34.85,241.16,0.822,1
80.72,941.74,29.77,28.76,118.55,0.372,0
20.73,768.74,38.68,33.4,226.49,0.973,1
26.68,653.93,37.6,35.4,254.65,0.826,1
65.43,473.56,34.92,31.02,723.15,0.943,2
84.38,968.19,25.41,22.5,63.88,0.451,0
57.04,421.3,26.56,30.4,685.02,1.015,2
21.14,725.59,39.01,35.21,116.74,0.64,1
58.67,684.41,33.39,31.39,694.24,0.739,2
56.56,456.47,33.27,27.12,624.86,0.917,2
27.35,546.28,31.81,29.5,266.84,0.973,1
39.9,332.08,33.17,30.69,251.85,1.133,3
80.84,824.49,28.24,25.89,167.93,0.335,0
40.94,662.59,34.68,26.44,653.53,0.89,2
37.65,557.6,38.78,36.57,388.53,0.992,3
16.01,572.95,34.39,32.21,216.23,0.93,1
26.31,784.75,37.98,30.77,210.21,0.843,1
33.51,607.03,34.01,30.98,443.29,1.466,3
71.38,740.31,28.79,26.61,91.09,0.437,0
88.76,745.77,22.99,27.91,97.07,0.351,0
20.68,510.79,33.98,29.23,268.17,0.63,1
42.97,466.35,38.13,33.06,340.86,1.283,3
69.69,981.1,25.42,22.01,72.26,0.556,0
10.03,547.82,30.68,28.17,274.89,0.745,1
86.88,880.51,23.27,22.31,131.64,0.484,0
44.85,397.12,34.41,37.35,420.93,1.064,3
54.72,434.96,32.27,27.26,700.33,1.017,2
61.75,762.35,22.75,27.63,85.04,0.468,0
62.93,427.05,33.72,27.02,475.26,1.019,2
88.24,758.45,23.63,22.11,178.55,0.561,0
44.71,610.19,36.35,31.34,361.67,1.402,3
43.65,456.39,25.35,28.5,555.74,0.929,2
62.35,878.19,24.06,22.74,193.69,0.577,0
50.21,671.19,33.6,29.24,715.32,0.778,2
41.87,699.82,30.55,26.78,539.88,1.06,2
16.35,808.06,35.02,32.93,245.63,0.809,1
40.96,594.35,25.06,27.1,500.78,0.939,2
74.2,959.61,27.33,25.39,164.36,0.577,0
64.18,945.04,27.31,22.44,179.39,0.438,0
77.74,835.35,22.61,28.28,94.97,0.498,0
43.45,658.81,25.65,26.44,647.45,1.054,2
16.85,707.83,32.6,29.0,207.94,0.808,1
49.53,596.88,28.94,27.35,689.99,0.779,2
52.73,461.68,26.83,32.89,548.33,0.944,2
47.44,765.5,27.29,27.83,439.41,0.969,2
15.84,722.79,30.79,29.06,132.55,0.639,1
55.53,401.16,28.77,29.43,639.63,1.027,2
42.54,947.22,39.02,31.52,343.45,1.15,3
62.15,996.63,26.23,22.15,148.81,0.543,0
40.03,758.03,37.1,36.21,399.33,0.922,3
60.17,948.77,26.1,26.47,113.18,0.459,0
87.86,935.58,28.76,22.72,187.47,0.561,0
67.36,727.38,28.22,23.76,81.57,0.41,0
69.25,768.44,22.95,24.72,195.78,0.519,0
10.6,615.54,37.33,28.52,250.04,0.91,1
11.25,566.94,39.25,33.52,225.71,0.921,1
49.05,732.24,33.32,36.46,410.38,1.046,3
18.53,850.45,32.49,31.27,187.12,0.919,1
43.34,668.17,26.23,32.16,558.44,0.962,2
46.09,317.53,41.27,35.9,412.17,1.29,3
16.81,631.93,33.84,34.93,141.36,0.865,1
72.43,776.2,29.78,29.55,155.52,0.468,0
21.55,574.02,34.65,33.01,169.26,0.83,1
45.49,307.58,34.5,37.14,413.11,1.228,3
46.01,614.03,34.32,36.27,418.44,1.254,3
32.32,830.47,37.56,34.14,255.0,0.83,3
10.14,622.39,38.37,34.24,146.82,0.932,1
54.8,737.34,26.25,26.49,566.54,0.93,2
60.71,641.21,26.73,25.7,667.09,0.84,2
71.64,883.96,25.31,26.69,143.27,0.369,0
60.24,748.2,26.47,22.21,53.36,0.347,0
34.29,797.74,41.1,36.58,392.96,0.908,3
59.25,682.93,32.15,28.0,534.94,0.824,2
71.93,874.23,26.67,25.68,195.07,0.329,0
72.23,875.34,26.41,24.96,123.19,0.526,0
49.71,653.23,32.29,32.4,400.82,0.903,3
68.58,795.48,33.75,26.56,593.8,1.147,2
52.54,528.52,30.11,26.81,790.03,0.815,2
46.87,609.0,25.97,25.77,493.07,1.087,2
27.55,626.84,39.54,34.48,148.43,0.877,1
47.68,533.42,34.97,32.24,323.32,1.358,3
21.7,545.79,30.49,33.08,251.09,0.641,1
21.76,720.12,31.45,30.07,205.36,0.791,1
61.79,761.79,28.36,25.77,62.79,0.351,0
60.51,820.15,23.3,25.34,169.26,0.329,0
53.04,676.93,30.77,30.59,598.84,0.763,2
69.03,459.02,26.64,27.73,513.24,0.74,2
60.57,983.84,26.71,22.62,145.22,0.419,0
38.14,531.6,36.9,34.33,429.42,1.159,3
67.59,732.26,34.43,31.39,449.4,0.824,2
77.5,781.36,24.92,23.0,77.25,0.586,0
42.71,870.28,37.21,35.13,345.96,1.164,3
65.12,873.0,23.18,23.09,101.52,0.337,0
60.74,741.9,29.59,30.14,654.5,0.772,2
40.37,782.37,30.74,30.68,557.42,0.984,2
69.24,794.78,32.77,29.2,514.27,0.892,2
29.34,714.76,32.52,28.96,284.4,0.754,1
29.12,502.09,30.21,30.26,270.3,0.79,1
26.44,723.01,30.82,29.64,299.42,0.902,1
78.77,830.46,27.03,26.38,55.56,0.402,0
51.34,633.98,30.93,26.07,474.84,0.789,2
56.2,752.37,32.43,31.33,433.46,0.974,2
85.67,821.19,29.94,27.35,78.53,0.459,0
84.58,818.06,29.43,24.05,76.68,0.564,0
67.27,777.48,27.91,23.24,181.94,0.521,0
18.84,674.92,38.78,32.04,146.45,0.622,1
37.71,766.48,34.83,30.22,494.71,1.013,3
61.77,843.26,28.62,24.29,178.11,0.382,0
10.61,607.88,33.45,28.23,102.99,0.79,1
37.44,337.31,40.42,31.46,332.79,1.375,3
33.02,508.93,41.54,34.02,290.86,1.07,3
47.89,570.2,41.93,36.75,378.9,0.888,3
18.57,539.91,32.92,28.88,108.59,0.816,1
36.58,947.12,35.44,30.68,370.85,0.951,3
48.18,310.76,35.05,34.56,461.57,0.998,3
45.27,769.77,33.4,34.53,399.76,0.987,3
67.26,538.88,25.32,26.87,453.98,1.132,2
62.91,850.32,29.08,28.58,112.98,0.45,0
60.61,514.9,33.5,32.92,466.51,1.043,2
12.64,633.9,38.8,33.79,272.95,0.685,1
36.42,428.18,36.51,34.12,347.45,1.335,3
63.66,449.6,30.52,26.02,566.7,1.169,2
61.97,765.69,25.19,27.92,65.94,0.458,0
45.48,658.78,35.56,33.56,296.03,1.478,3
21.58,651.2,37.77,30.7,117.65,0.787,1
85.51,955.52,28.09,28.99,131.33,0.484,0
49.29,618.51,31.29,32.85,601.53,1.021,2
82.14,893.19,26.4,27.78,96.37,0.363,0
14.45,517.74,34.36,30.63,286.79,0.754,1
20.86,532.86,39.0,34.3,253.37,0.671,1
11.68,773.07,30.88,33.38,272.38,0.673,1
46.19,401.86,33.71,34.59,475.91,1.005,3
72.07,792.95,29.77,27.12,175.17,0.393,0
31.7,425.06,40.18,32.81,329.91,1.243,3
22.21,564.24,37.71,32.88,277.1,0.878,1
46.52,405.16,28.6,30.0,725.04,0.744,2
37.18,883.32,39.93,30.53,400.28,0.95,3
76.33,866.27,22.2,25.16,137.51,0.457,0
79.42,954.19,27.22,27.9,108.07,0.454,0
40.35,408.52,33.27,32.82,531.37,1.043,2
31.97,660.2,34.24,34.21,464.65,1.083,3
26.72,554.75,37.46,35.74,218.18,0.791,1
86.58,737.59,22.2,27.78,51.21,0.575,0
54.46,408.99,26.34,28.3,519.63,1.128,2
37.59,342.34,37.38,34.56,298.71,0.954,3
70.92,940.93,27.33,29.65,116.73,0.587,0
33.63,488.88,33.21,31.85,330.26,1.195,3
76.07,782.59,28.98,26.57,76.07,0.325,0
15.27,831.56,33.48,34.57,220.87,0.7,1
69.75,855.05,24.03,23.17,161.92,0.325,0
51.29,622.34,25.51,27.24,584.28,1.152,2
19.58,598.71,30.14,34.57,244.83,0.751,1
74.15,797.21,23.51,22.78,156.04,0.445,0
80.96,843.27,22.98,24.4,144.18,0.458,0
44.26,662.91,28.14,30.61,568.36,0.843,2
27.14,773.64,32.27,32.43,125.39,0.74,1
38.63,425.83,36.44,35.61,303.61,1.129,3
20.67,770.55,36.98,33.23,209.25,0.897,1
24.28,506.21,38.58,28.87,109.11,0.665,1
47.61,426.57,28.03,25.3,485.85,1.144,2
64.64,878.2,27.97,22.15,191.13,0.445,0
60.17,761.98,22.34,22.03,165.42,0.399,0
12.14,507.71,36.29,29.35,191.85,0.806,1
37.65,356.1,37.99,36.52,472.02,1.247,3
15.81,732.12,36.54,34.57,111.06,0.806,1
40.0,566.4,35.7,37.23,275.56,1.485,3
49.54,452.31,34.84,36.49,489.41,1.034,3
68.5,482.14,26.74,31.47,671.76,1.115,2
35.44,411.06,41.46,36.71,317.57,1.137,3
12.18,849.23,34.71,33.9,211.34,0.945,1
74.52,726.94,24.02,29.07,58.2,0.425,0
39.71,909.96,36.45,30.06,423.57,0.846,3
17.74,616.8,33.08,32.26,245.45,0.974,1
69.48,788.82,26.46,30.06,746.07,0.967,2
25.88,501.64,37.57,30.47,252.63,0.826,1
47.68,455.69,33.85,30.29,613.57,0.705,2
41.25,396.58,36.82,37.49,476.85,1.129,3
44.43,417.56,27.42,31.26,463.47,0.705,2
79.88,776.6,29.03,29.56,196.91,0.414,0
38.95,437.35,33.64,35.69,279.91,1.255,3
68.45,493.34,29.61,25.6,623.16,1.187,2
27.03,669.42,32.57,30.75,149.81,0.86,1
33.91,380.02,34.47,36.97,360.37,1.194,3
21.11,649.95,31.77,31.06,120.15,0.866,1
37.97,611.36,37.85,35.95,413.41,1.015,3
36.84,679.73,40.93,31.59,415.51,0.962,3
66.74,407.45,25.16,25.35,555.11,0.916,2
41.65,861.42,32.22,37.77,377.29,1.387,3
49.97,489.15,25.93,25.66,492.16,0.817,2
44.52,484.94,28.08,25.57,762.7,1.164,2
39.06,927.77,37.67,35.12,302.8,1.396,3
45.8,486.42,30.84,26.22,707.51,0.888,2
83.14,949.24,22.66,24.21,181.96,0.583,0
28.22,724.11,39.71,32.62,227.26,0.994,1
64.88,688.57,33.08,32.22,593.24,0.932,2
17.79,714.26,38.88,31.74,275.29,0.972,1
45.36,611.99,33.5,32.85,309.22,1.194,3
20.61,713.47,36.94,29.09,191.97,0.723,1
85.7,875.17,29.83,25.49,137.25,0.451,0
63.28,736.78,34.19,25.69,564.09,0.929,2
24.55,505.95,39.33,35.28,142.5,0.694,1
37.76,843.09,34.21,35.0,358.09,1.061,3
49.08,477.27,25.61,28.51,550.98,0.833,2
14.55,728.5,36.0,35.7,131.58,0.855,1
84.13,865.23,28.3,28.25,190.46,0.374,0
35.27,812.58,35.96,35.83,351.27,0.932,3
31.94,418.78,40.16,36.78,387.84,1.408,3
49.35,914.45,37.2,30.52,340.74,1.371,3
28.73,894.69,33.3,35.92,242.4,0.955,1
44.27,660.2,27.46,32.62,527.25,1.124,2
29.07,550.72,31.65,28.4,212.8,0.857,1
65.5,969.15,26.48,27.84,65.54,0.422,0
57.47,456.79,32.72,30.15,733.36,0.96,2
25.2,845.35,33.72,34.57,170.96,0.921,1
45.15,425.83,35.49,33.81,262.61,0.98,3
64.38,434.1,27.7,27.64,556.79,0.778,2
18.48,787.39,38.85,32.38,142.65,0.861,1
21.36,545.08,35.96,28.43,177.05,0.963,1
48.57,622.56,38.6,36.42,446.97,1.379,3
54.59,703.34,29.89,32.02,724.3,0.839,2
65.99,882.77,26.5,25.84,102.67,0.412,0
70.55,977.85,29.38,25.04,78.28,0.349,0
61.65,452.35,31.46,28.11,771.28,0.915,2
51.41,645.59,33.24,31.91,520.24,1.037,2
67.79,892.27,28.91,29.51,197.41,0.422,0
63.02,837.73,25.99,24.43,138.9,0.419,0
25.68,649.88,35.56,31.41,279.57,0.681,1
37.14,306.46,39.28,30.86,471.79,1.089,3
87.52,748.32,27.43,27.36,138.22,0.522,0
15.7,832.56,39.18,29.22,102.62,0.857,1
50.58,611.49,30.93,27.1,790.04,1.031,2
36.62,415.36,33.39,32.43,289.69,0.808,3
64.15,766.04,27.05,29.31,158.4,0.535,0
16.77,639.99,34.39,30.16,270.52,0.623,1
31.7,737.77,35.07,30.68,274.97,1.023,3
84.95,883.84,25.03,22.69,129.14,0.35,0
15.27,846.22,38.02,35.73,242.67,0.893,1
80.62,791.25,26.04,29.8,194.13,0.33,0
49.22,633.77,32.74,32.78,299.14,1.083,3
12.39,685.13,36.29,31.81,195.04,0.851,1
20.35,602.18,30.94,35.35,197.98,0.941,1
51.48,437.6,30.76,25.34,515.38,0.996,2
45.65,769.29,34.51,31.99,307.52,0.82,3
30.93,717.91,40.54,34.45,302.77,1.482,3
43.09,608.04,25.71,32.23,564.07,1.126,2
79.18,919.27,28.98,29.46,166.8,0.549,0
39.67,584.08,37.69,30.46,385.98,0.929,3
78.37,700.8,24.02,24.3,68.99,0.473,0
70.3,992.41,22.5,23.19,170.03,0.33,0
63.29,462.04,31.28,27.51,789.79,0.795,2
45.54,497.96,29.06,27.83,484.68,0.959,2
69.88,539.29,29.71,28.02,745.7,1.164,2
13.24,549.55,33.48,32.09,188.99,0.859,1
85.7,893.09,27.3,29.94,119.33,0.512,0
63.6,437.69,33.25,26.28,488.33,0.78,2
48.53,400.04,25.63,31.43,493.07,0.76,2
38.39,688.51,35.39,31.53,470.14,1.279,3
35.34,377.68,32.92,33.56,385.31,1.399,3
38.52,490.66,39.87,31.58,323.4,1.431,3
30.44,481.8,33.55,33.2,298.9,1.234,3
21.87,806.81,39.62,28.06,201.73,0.839,1
60.76,669.04,27.78,31.74,526.19,0.796,2
70.96,789.53,29.15,24.52,153.46,0.593,0
40.15,375.29,41.76,35.39,369.99,0.81,3
69.66,763.37,27.88,22.27,80.14,0.407,0
33.9,599.87,38.66,36.74,299.77,1.442,3
70.41,777.99,29.21,29.02,93.03,0.462,0
61.43,433.68,28.13,29.88,497.63,0.737,2
50.38,720.96,32.29,29.79,458.61,0.716,2
46.93,880.04,33.64,31.14,349.6,1.44,3
69.35,816.64,24.45,27.49,149.32,0.345,0
69.16,530.09,28.5,32.94,404.93,0.942,2
31.4,780.25,37.96,36.72,463.49,0.83,3
56.07,406.38,32.09,28.99,449.78,0.727,2
34.79,443.47,40.25,35.22,392.09,0.831,3
48.47,910.76,38.13,37.46,334.9,0.811,3
66.38,553.98,31.63,32.66,797.0,0.893,2
49.22,454.24,30.6,31.64,416.37,1.11,2
21.98,566.54,33.64,30.54,122.92,0.687,1
78.67,792.1,23.63,29.99,184.83,0.37,0
15.72,528.33,31.92,33.49,184.48,0.961,1
64.91,939.43,26.03,26.19,109.91,0.555,0
81.68,861.75,28.81,29.56,58.19,0.562,0
18.4,860.61,34.33,35.02,199.63,0.949,1
83.48,887.85,27.72,26.42,89.27,0.469,0
87.39,799.66,25.13,23.16,111.13,0.402,0
38.49,320.87,36.5,35.56,455.39,0.948,3
33.5,868.98,36.94,30.54,303.36,1.024,3
60.85,714.55,27.39,29.53,180.87,0.37,0
26.48,863.51,39.38,34.93,207.98,0.799,1
46.97,329.97,35.76,32.46,268.14,1.374,3
84.47,782.09,23.98,27.36,126.75,0.494,0
68.36,948.56,23.1,28.03,175.74,0.369,0
68.6,818.87,27.51,28.38,78.05,0.307,0
35.13,435.01,37.18,33.54,410.84,1.144,3
31.23,594.18,41.71,33.94,488.56,1.019,3
50.3,553.7,33.18,25.2,601.25,1.173,2
47.28,683.35,34.27,34.71,290.81,0.83,3
84.61,886.32,27.53,28.16,78.16,0.461,0
17.17,892.31,35.33,34.71,194.11,0.691,1
48.09,396.71,40.89,30.42,314.07,1.452,3
47.3,844.02,38.08,33.54,273.23,1.447,3
49.66,851.48,32.02,36.72,441.87,1.206,3
22.84,612.51,36.27,35.77,168.23,0.673,1
43.09,680.77,32.74,27.25,624.17,0.987,2
64.66,989.62,27.74,22.21,189.0,0.4,0
43.39,308.51,37.84,32.99,362.5,1.254,3
12.05,876.8,39.56,28.45,193.38,0.79,1
89.01,804.52,22.35,22.3,183.64,0.561,0
37.4,406.15,33.18,35.63,424.04,1.269,3
18.75,793.79,32.25,33.65,251.35,0.926,1
72.08,846.45,24.35,22.46,87.64,0.459,0
60.64,938.28,29.44,25.51,182.25,0.57,0
83.91,870.23,29.41,24.13,158.33,0.507,0
51.82,429.13,26.11,30.47,702.94,1.046,2
19.45,517.89,38.08,30.49,132.17,0.836,1
32.34,428.43,37.69,33.64,348.29,1.426,3
48.94,633.2,26.89,28.77,763.0,0.999,2
75.05,727.7,23.12,28.68,73.75,0.531,0
13.02,523.22,35.63,28.92,204.59,0.798,1
39.75,455.23,39.35,32.83,407.71,1.124,3
41.98,614.74,26.46,31.65,673.05,0.726,2
46.01,423.9,32.53,25.71,424.77,0.921,2
28.65,837.82,32.79,28.83,205.84,0.817,1
47.56,349.63,36.59,34.53,374.2,1.324,3
23.07,751.6,37.25,35.7,149.45,0.897,1
30.11,670.42,37.97,33.87,493.5,1.36,3
10.77,834.97,30.54,35.71,149.98,0.759,1
12.11,802.11,35.64,32.29,140.01,0.673,1
73.86,775.23,29.34,23.94,58.47,0.566,0
83.92,980.6,22.19,27.4,81.11,0.305,0
66.2,819.48,22.47,24.32,73.51,0.551,0
12.41,640.46,36.09,29.0,206.49,0.719,1
44.64,684.65,32.87,28.94,449.57,1.073,2
86.45,783.89,22.62,27.0,98.29,0.547,0
42.82,432.84,37.86,33.16,482.84,1.058,3
43.65,597.18,40.14,37.03,359.52,0.83,3
62.53,833.66,24.2,23.03,178.2,0.506,0
41.94,785.35,39.79,32.58,377.86,1.256,3
16.67,695.38,32.49,35.33,297.59,0.928,1
31.7,747.83,33.33,32.48,314.2,1.224,3
36.99,544.02,33.66,35.5,480.18,1.427,3
66.03,741.52,23.22,27.41,52.2,0.336,0
40.17,915.76,38.5,32.02,320.08,1.226,3
22.92,672.01,30.82,30.61,266.66,0.856,1
52.09,418.06,30.61,31.86,657.89,1.065,2
37.69,622.37,33.56,30.5,316.07,1.058,3
69.22,812.88,22.57,22.08,163.44,0.491,0
44.31,943.23,41.51,36.97,264.6,1.389,3
18.4,766.75,33.67,28.69,257.93,0.672,1
12.18,710.48,34.84,35.24,165.19,0.629,1
47.28,761.2,34.66,31.49,555.46,1.039,2
29.17,745.05,31.08,30.27,169.07,0.997,1
25.71,673.36,30.44,34.95,107.6,0.797,1
49.87,409.93,36.53,34.32,330.19,0.919,3
64.28,741.66,27.09,25.5,491.19,0.858,2
22.81,803.21,31.22,33.62,159.41,0.868,1
65.32,494.83,25.61,26.77,543.4,1.19,2
63.29,677.29,30.73,29.39,657.38,1.064,2
84.22,978.74,24.26,25.12,183.17,0.44,0
53.35,469.0,32.6,29.18,511.46,1.036,2
35.25,406.92,33.11,33.32,442.93,1.199,3
46.1,328.97,39.81,34.51,393.25,0.824,3
75.97,940.91,28.57,27.24,67.9,0.531,0
68.71,722.32,29.2,29.66,784.78,1.189,2
38.02,899.86,39.5,33.68,274.9,1.106,3
68.17,651.47,33.59,25.06,661.34,1.048,2
39.11,718.37,35.97,35.78,394.21,1.414,3
63.14,487.12,32.44,31.32,549.36,0.995,2
29.87,841.61,39.86,30.86,200.95,0.81,1
41.9,642.64,26.94,26.47,648.17,1.048,2
47.07,565.5,25.78,26.29,655.51,0.893,2
32.28,845.03,32.02,32.95,478.07,1.246,3
60.1,751.35,27.61,25.94,482.49,1.063,2
60.68,718.07,23.57,22.26,160.22,0.351,0
58.49,761.38,29.86,28.84,500.58,0.814,2
69.07,968.69,28.63,25.98,167.12,0.405,0
74.74,801.6,26.75,27.03,142.94,0.368,0
27.25,884.64,38.59,30.17,246.29,0.831,1
67.78,932.66,28.91,22.84,69.32,0.497,0
66.44,425.41,30.29,32.38,734.55,0.911,2
47.12,529.91,36.19,30.23,265.32,1.443,3
39.07,662.88,33.25,31.64,390.41,1.228,3
45.23,468.64,27.02,25.1,506.02,1.029,2
53.9,514.47,26.54,28.89,709.72,0.79,2
60.07,538.49,29.4,25.37,727.77,0.791,2
64.91,923.78,28.44,28.59,181.53,0.362,0
20.04,579.63,30.41,32.7,255.33,0.937,1
28.58,549.86,38.02,31.2,109.87,0.824,1
62.36,895.27,29.83,25.22,57.72,0.438,0
64.73,421.09,28.89,28.78,735.87,0.916,2
62.94,768.59,23.35,28.16,74.29,0.343,0
61.77,706.48,33.71,28.06,768.66,0.716,2
89.41,738.71,24.18,24.1,99.96,0.465,0
47.63,669.51,31.55,27.79,741.04,0.882,2
38.92,507.67,41.55,36.57,358.71,0.953,3
46.64,610.39,38.46,31.25,268.62,1.394,3
65.49,935.84,28.86,29.1,84.88,0.438,0
69.34,833.13,23.61,23.16,66.91,0.491,0
40.02,922.83,40.29,36.43,473.03,1.169,3
26.04,745.4,38.11,34.71,174.53,0.739,1
49.35,519.52,28.22,29.47,741.92,0.78,2
40.26,948.83,40.74,32.55,324.75,1.138,3
88.36,909.11,25.54,29.2,102.84,0.524,0
12.76,531.15,32.69,35.95,187.06,0.965,1
11.77,573.88,30.02,34.6,197.99,0.617,1
58.72,665.4,28.17,31.63,756.39,0.72,2
74.09,802.29,28.2,24.08,57.3,0.319,0
33.27,481.55,35.55,34.35,282.68,0.988,3
52.99,726.45,30.14,32.16,716.17,0.893,2
64.05,927.39,28.94,25.05,169.43,0.494,0
42.93,313.36,41.59,35.21,283.88,0.853,3
24.7,513.39,34.3,35.47,196.33,0.944,1
67.91,788.01,24.21,29.98,85.45,0.501,0
83.34,782.31,27.1,26.63,109.41,0.579,0
46.25,682.89,31.27,28.09,771.74,0.901,2
15.93,681.81,38.14,31.68,233.87,0.797,1
40.84,552.95,32.7,29.36,560.74,0.714,2
24.71,508.03,31.22,31.51,184.07,0.615,1
64.17,887.56,24.17,22.96,59.95,0.562,0
55.96,597.45,30.41,26.87,461.09,1.02,2
28.55,898.99,33.47,33.33,251.57,0.778,1
71.45,852.51,22.43,25.62,91.55,0.441,0
52.93,510.01,30.23,32.69,408.78,1.199,2
40.09,811.66,40.46,35.37,430.42,1.037,3
60.32,788.3,28.14,27.05,788.23,1.166,2
62.29,644.48,30.09,26.95,526.75,1.08,2
78.22,900.71,28.3,28.62,123.74,0.571,0
16.41,646.08,33.68,28.09,148.06,0.924,1
21.64,622.21,30.38,31.65,268.9,0.803,1
23.94,570.34,32.13,33.67,268.81,0.663,1
74.62,966.45,22.04,23.9,94.54,0.494,0
76.84,724.56,26.62,27.63,76.3,0.396,0
40.13,487.44,29.05,27.86,660.52,0.721,2
22.58,668.43,37.04,28.16,263.68,0.887,1
65.03,793.71,26.3,29.92,168.16,0.327,0
72.38,962.91,24.18,26.01,60.25,0.422,0
67.57,691.22,26.0,26.23,638.05,0.939,2
55.76,474.9,34.56,32.62,601.77,1.149,2
66.44,734.23,22.25,26.22,59.45,0.371,0
41.69,867.82,36.62,31.62,434.77,0.851,3
12.69,766.07,38.02,31.79,251.12,0.772,1
47.78,470.12,38.37,30.15,368.88,1.119,3
57.88,625.78,26.83,27.31,656.78,0.772,2
76.34,734.33,29.87,27.7,89.66,0.329,0
71.73,746.81,29.45,26.42,145.52,0.578,0
48.14,835.66,40.52,34.72,471.3,1.201,3
45.28,694.81,39.26,31.59,277.41,1.001,3
40.24,845.02,38.25,35.83,476.01,1.286,3
76.54,820.03,26.97,22.14,97.31,0.421,0
58.86,727.56,25.02,29.87,521.45,1.127,2
66.44,405.23,30.69,31.87,463.95,1.088,2
52.4,475.4,28.86,31.3,477.63,0.821,2
25.97,670.85,32.58,32.45,244.44,0.865,1
12.01,791.66,30.76,29.16,275.4,0.677,1
68.66,713.55,33.02,30.79,463.71,0.738,2
89.83,867.56,28.12,28.41,110.6,0.347,0
42.74,627.67,32.03,31.93,737.24,1.143,2
22.74,592.58,36.66,31.53,232.76,0.996,1
38.02,731.25,38.2,31.78,471.39,1.2,3
48.74,560.04,30.98,31.16,439.01,1.008,2
30.55,900.56,35.73,34.28,292.5,0.831,3
45.12,468.64,27.94,29.05,490.7,0.864,2
82.59,922.13,24.67,27.38,93.68,0.47,0
30.18,923.04,33.87,31.59,316.43,0.886,3
86.2,978.73,24.9,26.49,113.35,0.581,0
82.19,918.42,23.77,26.82,135.07,0.497,0
54.02,733.1,26.12,32.92,579.56,1.007,2
34.5,587.58,41.01,34.36,446.93,1.319,3
75.14,787.29,28.5,25.89,132.98,0.56,0
19.04,552.87,39.82,28.1,231.72,0.891,1
21.8,587.59,32.92,32.09,293.52,0.692,1
12.77,871.0,34.38,35.9,247.87,0.606,1
62.64,848.76,24.14,26.99,158.67,0.544,0
51.72,679.84,26.8,26.84,619.06,0.804,2
84.44,942.42,23.7,22.12,127.64,0.38,0
19.62,668.0,39.06,29.85,197.2,0.615,1
68.53,902.78,28.96,29.55,198.04,0.423,0
82.5,773.16,27.6,26.32,105.93,0.43,0
17.99,585.64,33.86,33.39,298.43,0.847,1
42.82,752.25,33.13,34.73,333.18,1.139,3
23.44,553.26,34.31,35.39,283.81,0.863,1
55.28,560.98,26.32,28.49,571.15,1.191,2
66.64,556.49,33.6,28.69,620.01,1.119,2
67.19,795.82,29.78,28.59,620.7,0.805,2
34.95,568.68,37.06,36.38,389.77,1.059,3
10.03,622.66,35.24,31.13,113.5,0.822,1
45.82,684.68,25.02,29.01,720.51,0.98,2
55.34,503.85,31.72,30.78,402.15,0.784,2
29.46,721.2,36.42,29.24,206.88,0.755,1
61.81,797.14,28.6,28.42,764.65,0.74,2
64.61,814.36,23.67,27.65,154.68,0.574,0
88.82,764.15,29.66,25.67,176.66,0.37,0
26.66,610.39,31.61,31.87,182.27,0.902,1
45.41,573.09,38.33,30.92,371.78,1.318,3
89.77,893.76,23.31,22.43,75.23,0.309,0
17.43,641.83,35.87,29.68,272.63,0.718,1
27.93,887.92,39.13,31.51,253.52,0.629,1
48.3,578.33,26.19,27.41,640.82,1.162,2
20.64,720.59,37.81,35.81,182.79,0.79,1
71.95,814.61,28.06,29.69,54.51,0.443,0
61.08,809.05,24.3,24.16,175.62,0.479,0
85.26,725.26,29.89,23.6,171.4,0.469,0
62.02,506.35,27.93,30.21,588.75,0.874,2
75.94,862.41,26.4,25.09,75.04,0.313,0
60.89,407.36,30.63,30.23,623.08,0.764,2
60.33,972.46,23.23,27.24,197.2,0.501,0
37.52,578.0,34.48,37.74,478.26,1.284,3
66.44,753.92,27.14,28.75,778.26,1.017,2
17.96,765.73,32.51,28.51,125.58,0.887,1
52.79,733.45,25.49,27.45,743.9,0.83,2
89.7,769.11,25.36,29.48,199.84,0.487,0
68.31,445.93,31.57,28.3,497.38,0.801,2
86.21,964.65,26.91,24.37,90.82,0.406,0
10.56,524.96,33.48,28.76,257.87,0.773,1
82.08,915.74,26.39,22.82,125.94,0.543,0
69.22,814.07,24.2,26.77,61.13,0.349,0
71.59,769.3,24.33,23.84,102.27,0.477,0
40.7,346.06,37.67,37.64,361.01,0.877,3
17.65,767.66,39.92,28.05,129.4,0.992,1
19.96,678.1,38.01,33.1,257.92,0.723,1
29.38,500.12,38.92,30.88,298.47,0.72,1
39.07,682.27,37.7,33.79,399.57,1.477,3
48.34,649.09,37.96,30.74,385.97,1.087,3
55.1,453.78,33.34,26.19,663.02,1.08,2
49.09,435.61,31.76,28.63,457.23,1.188,2
15.69,734.83,32.71,35.08,248.17,0.844,1
33.93,617.83,38.66,35.03,312.64,1.394,3
43.35,661.89,36.44,32.13,412.79,1.293,3
29.43,648.8,39.3,33.97,194.59,0.701,1
20.28,761.92,35.79,34.24,246.93,0.668,1
75.9,890.27,27.61,29.13,59.62,0.501,0
24.54,542.47,39.65,34.37,243.82,0.955,1
32.65,628.9,32.63,32.91,468.93,1.122,3
17.48,855.81,33.68,32.36,173.11,0.902,1
53.95,589.68,29.52,28.4,636.17,1.068,2
38.99,734.98,36.37,31.57,421.78,1.173,3
44.63,644.21,26.03,30.07,472.66,0.967,2
62.86,569.23,25.71,28.47,471.57,1.061,2
13.11,771.45,37.46,29.15,163.6,0.927,1
53.06,772.18,33.01,27.76,723.46,1.133,2
41.98,702.45,30.61,25.83,432.54,0.958,2
23.54,874.68,35.53,30.59,298.1,0.817,1
68.51,758.78,28.83,23.73,64.5,0.578,0
70.77,910.89,22.68,27.35,56.47,0.435,0
46.75,326.51,32.63,31.13,445.14,1.045,3
26.94,604.93,38.05,32.53,215.2,0.602,1
62.34,660.53,28.19,25.64,722.48,0.939,2
20.28,709.85,34.4,33.5,259.68,0.761,1
44.78,569.72,32.65,25.4,615.18,0.833,2
72.88,712.88,24.64,24.22,176.54,0.507,0
72.15,944.48,27.78,23.13,68.88,0.519,0
29.44,674.0,33.27,35.4,290.26,0.74,1
66.8,787.78,29.22,27.84,776.91,1.19,2
33.88,555.61,39.77,33.7,256.82,0.984,3
40.23,594.3,33.72,33.17,493.96,0.953,3
53.79,649.25,31.51,29.27,438.61,1.043,2
34.19,619.03,41.97,32.56,383.46,0.866,3
34.65,867.46,41.63,32.33,403.97,1.276,3
75.79,733.05,25.27,26.58,184.28,0.563,0
74.99,786.07,25.45,22.81,182.62,0.359,0
11.34,688.56,33.13,34.84,246.79,0.731,1
15.53,895.26,37.06,35.55,121.5,0.882,1
47.02,642.79,25.35,31.82,662.23,0.739,2
49.21,692.06,37.59,33.26,338.71,0.903,3
54.54,446.82,30.38,26.97,584.89,0.98,2
12.96,830.17,34.86,35.61,247.39,0.879,1
43.97,316.02,33.59,30.49,416.61,1.092,3
52.01,458.95,33.42,25.16,412.77,0.875,2
53.62,628.94,27.47,32.55,431.55,0.715,2
56.1,648.14,28.81,28.94,435.45,1.16,2
19.97,792.8,30.74,32.95,288.53,0.925,1
64.97,496.36,27.84,32.79,593.98,0.885,2
60.22,628.65,27.81,31.4,756.71,1.129,2
76.44,958.83,23.52,25.74,188.11,0.547,0
61.14,727.17,34.83,31.11,623.87,0.808,2
49.62,446.29,31.37,30.06,667.11,1.144,2
60.41,772.82,28.78,25.99,407.38,0.701,2
76.99,956.35,26.38,29.05,131.37,0.493,0
69.26,704.02,26.83,29.36,109.61,0.549,0
13.51,623.36,38.15,35.48,146.84,0.928,1
35.55,333.33,41.86,31.42,429.25,1.469,3
45.04,679.63,29.91,29.35,714.41,1.09,2
62.61,543.13,25.83,25.99,483.92,0.932,2
30.5,917.32,35.48,34.9,410.7,0.921,3
54.01,400.2,25.57,25.47,783.89,0.778,2
79.43,821.01,26.77,23.52,100.66,0.506,0
76.19,932.19,26.78,26.75,50.16,0.44,0
69.81,906.28,22.82,25.8,159.85,0.38,0
25.59,846.3,30.64,35.36,202.57,0.714,1
18.11,524.15,33.1,32.59,198.74,0.965,1
11.05,666.17,32.32,34.44,139.87,0.623,1
14.66,883.58,35.84,33.4,210.9,0.742,1
63.31,932.95,29.58,29.96,168.9,0.31,0
42.89,413.87,33.04,29.48,661.64,0.788,2
68.73,992.22,23.01,22.69,100.08,0.483,0
42.61,514.11,30.9,29.05,577.67,0.949,2
86.82,723.09,23.3,23.84,95.68,0.321,0
42.31,579.3,28.71,29.26,499.85,1.137,2
20.25,608.7,36.28,28.53,189.11,0.952,1
45.64,458.23,32.32,31.35,362.11,1.458,3
56.02,722.74,28.13,32.21,550.1,0.893,2
38.22,659.12,39.39,37.48,256.34,0.913,3
76.87,756.25,25.0,29.45,140.53,0.348,0
46.69,785.88,35.9,35.86,255.47,1.233,3
11.18,864.13,36.83,30.41,231.7,0.682,1
46.55,739.87,34.34,32.85,257.46,0.833,3
74.28,756.46,28.56,28.88,167.87,0.531,0
49.86,923.97,38.47,37.5,499.27,1.325,3
25.04,730.98,34.99,29.75,148.76,0.789,1
40.03,463.38,28.56,32.5,777.53,0.704,2
79.65,706.09,26.18,27.93,89.22,0.336,0
30.72,422.67,36.72,32.71,424.93,1.182,3
34.0,927.12,34.48,32.58,427.28,0.818,3
44.47,655.85,38.35,31.23,373.23,1.336,3
48.33,599.56,36.03,33.35,382.1,1.255,3
70.82,705.78,22.12,28.96,113.28,0.337,0
12.26,802.33,31.5,28.75,266.09,0.765,1
28.79,572.03,36.58,33.31,213.29,0.698,1
50.1,593.34,28.9,27.88,678.85,0.89,2
27.9,735.04,38.38,35.18,196.07,0.785,1
40.3,435.58,27.82,31.57,637.6,1.116,2
65.95,732.62,32.32,31.59,617.64,1.028,2
61.73,713.45,26.93,31.29,456.08,1.165,2
86.34,822.83,29.29,22.58,97.31,0.405,0
40.39,794.95,26.81,28.48,508.22,0.996,2
20.84,627.67,30.95,33.92,291.04,0.614,1
18.0,707.05,38.36,28.37,223.43,0.732,1
25.02,626.95,35.95,28.21,239.14,0.849,1
35.59,881.94,40.3,31.24,365.04,1.272,3
86.19,852.31,25.52,27.7,169.57,0.338,0
48.06,333.53,39.3,37.14,460.34,0.885,3
82.93,761.09,27.84,28.27,157.85,0.508,0
60.9,521.73,31.73,26.41,400.52,0.808,2
70.64,758.94,26.41,22.42,112.4,0.522,0
33.07,658.3,38.36,37.71,481.78,1.336,3
17.0,749.06,34.27,28.67,169.17,0.839,1
21.8,608.7,34.32,30.77,126.43,0.752,1
67.93,858.92,23.83,23.13,144.59,0.498,0
82.83,803.07,28.29,25.05,177.38,0.325,0
43.54,789.6,28.58,25.72,686.26,0.96,2
13.04,838.1,38.43,33.51,122.42,0.969,1
68.65,821.45,23.25,25.54,155.64,0.557,0
35.72,529.5,34.4,37.76,462.03,0.948,3
48.36,716.34,39.07,33.68,311.7,0.879,3
70.36,869.55,27.7,22.38,179.49,0.34,0
59.16,647.8,30.17,30.53,483.03,0.957,2
85.38,893.38,29.83,22.42,183.93,0.583,0
27.94,756.69,33.04,31.32,103.32,0.679,1
11.57,606.18,39.08,30.49,172.43,0.98,1
22.28,537.77,38.2,34.85,281.37,0.754,1
49.38,488.71,35.26,36.95,407.62,1.051,3
47.26,352.5,34.32,32.21,391.43,1.467,3
42.83,482.88,40.37,35.15,463.91,1.244,3
23.24,685.51,36.55,33.32,175.8,0.729,1
66.83,406.64,28.78,31.9,756.86,0.708,2
78.32,749.83,23.28,24.79,179.9,0.37,0
68.14,435.78,31.95,28.41,508.2,0.858,2
25.24,502.91,38.78,31.65,156.47,0.753,1
82.69,996.16,22.26,28.47,113.56,0.33,0
28.95,585.63,34.94,32.95,120.58,0.892,1
56.47,492.62,33.76,30.65,786.03,1.117,2
89.84,981.4,25.38,26.09,144.41,0.312,0
61.18,525.88,30.32,29.37,551.92,0.741,2
62.38,797.13,28.85,22.41,122.66,0.545,0
46.67,594.41,37.64,34.27,355.75,1.457,3
61.82,846.65,22.11,22.46,66.96,0.556,0
43.91,669.64,39.0,32.67,258.96,1.395,3
89.59,917.61,25.35,29.28,162.76,0.593,0
87.1,929.95,26.92,24.82,84.73,0.45,0
67.06,705.9,29.43,26.69,75.59,0.576,0
27.98,703.56,30.83,33.7,245.04,0.757,1
19.86,709.48,39.82,33.52,122.61,0.679,1
46.87,872.71,36.72,31.61,356.14,0.946,3
30.66,905.23,33.72,30.24,472.73,1.328,3
58.57,699.74,28.38,27.01,418.84,1.183,2
24.72,728.29,34.67,32.4,143.02,0.692,1
81.43,888.33,25.73,26.24,141.07,0.436,0
49.54,916.74,37.67,32.93,337.05,0.809,3
52.77,554.29,25.45,30.09,668.87,1.03,2
78.52,910.88,22.5,29.17,118.27,0.585,0
55.17,488.9,26.72,32.54,602.26,1.114,2
46.28,463.21,41.83,37.33,386.48,1.078,3
49.74,753.21,33.79,32.35,724.93,0.726,2
67.74,784.48,34.29,31.45,409.41,0.888,2
43.1,604.85,36.73,37.46,256.82,1.334,3
64.46,690.29,34.19,32.19,413.18,0.704,2
13.52,790.01,31.93,32.75,144.69,0.859,1
77.07,703.68,24.39,25.96,159.57,0.399,0
20.71,611.17,31.55,32.11,299.7,0.821,1
86.52,930.36,28.7,22.15,128.34,0.513,0
18.64,875.96,39.26,29.78,137.75,0.978,1
13.34,756.61,30.36,34.97,163.29,0.99,1
45.46,449.54,39.61,36.28,345.36,1.293,3
40.08,481.55,38.24,30.05,345.18,0.91,3
63.49,830.64,22.92,25.04,55.29,0.568,0
12.7,738.62,38.93,33.01,200.49,0.975,1
61.41,727.91,25.86,29.1,734.37,1.083,2
17.73,501.05,39.52,30.37,126.24,0.973,1
88.06,900.35,28.46,28.28,53.65,0.407,0
72.11,915.15,24.33,22.94,188.89,0.576,0
78.37,763.1,29.76,24.96,170.22,0.417,0
29.87,750.84,35.38,32.0,216.08,0.642,1
77.06,776.68,28.08,26.97,53.09,0.419,0
23.93,645.84,33.13,33.5,181.22,0.96,1
24.6,646.82,38.54,31.22,181.04,0.916,1
43.25,403.55,34.79,28.08,678.89,0.88,2
63.0,411.43,26.9,32.93,673.54,0.85,2
37.18,832.74,33.14,30.69,477.25,1.392,3
44.76,610.14,27.49,32.45,591.94,0.793,2
13.91,719.56,36.06,30.01,143.09,0.645,1
46.61,643.51,30.74,31.46,680.71,0.701,2
56.83,702.76,30.76,30.19,541.72,0.781,2
20.13,801.94,32.47,35.2,259.27,0.738,1
55.74,626.47,30.13,31.24,724.37,0.999,2
17.07,648.35,31.73,28.98,299.01,0.914,1
69.91,424.65,27.58,25.07,582.97,0.747,2
19.94,793.81,34.03,28.98,196.58,0.667,1
35.05,443.47,33.98,33.56,424.91,1.107,3
13.17,516.66,39.3,31.27,194.37,0.769,1
22.93,810.07,39.44,34.47,269.22,0.683,1
61.28,520.27,31.08,31.03,601.98,0.943,2
30.42,927.8,41.31,31.34,395.5,1.187,3
20.13,677.16,39.15,33.81,112.75,0.994,1
19.75,826.32,39.3,31.89,248.56,0.832,1
81.46,965.7,28.73,22.19,119.77,0.437,0
28.02,638.87,36.56,34.99,195.62,0.653,1
36.71,864.31,40.9,36.6,350.55,1.276,3
14.04,815.52,33.09,34.49,102.79,0.627,1
38.17,556.68,34.24,31.16,392.14,1.353,3
59.17,556.21,29.11,31.61,474.26,0.936,2
39.28,736.51,41.28,34.02,353.59,1.208,3
11.16,686.71,32.19,30.11,149.33,0.689,1
72.27,728.98,25.05,28.94,151.54,0.516,0
31.05,777.8,41.95,34.65,302.14,1.286,3
64.82,970.26,24.87,29.27,130.33,0.472,0
37.27,518.1,36.3,37.51,376.21,1.347,3
34.09,678.54,35.74,31.37,346.45,1.339,3
69.61,831.36,23.86,23.59,57.6,0.486,0
37.63,942.05,33.17,36.7,271.28,1.392,3
63.41,771.26,23.66,25.77,186.53,0.419,0
41.02,423.48,36.91,33.31,450.75,1.37,3
47.86,594.51,32.56,35.04,481.53,0.841,3
49.6,727.75,38.8,34.28,296.23,0.897,3
69.73,563.24,29.26,29.94,621.17,0.71,2
42.26,369.08,38.76,35.42,477.13,1.373,3
65.15,755.99,27.35,23.76,129.63,0.392,0
84.47,827.62,27.41,26.66,195.0,0.402,0
75.68,831.68,28.78,26.79,197.82,0.473,0
82.67,890.12,27.63,29.69,184.88,0.322,0
40.01,700.0,29.24,31.9,749.91,1.174,2
68.65,786.65,24.73,27.97,63.06,0.409,0
83.63,889.22,28.83,23.8,157.08,0.506,0
27.48,805.28,30.87,31.62,112.89,0.605,1
63.41,454.13,29.22,32.29,600.33,0.745,2
72.24,826.46,22.52,23.44,199.94,0.553,0
22.82,808.61,30.78,35.43,290.96,0.817,1
54.85,547.38,27.94,25.32,457.57,1.135,2
72.85,999.14,24.52,22.18,152.1,0.497,0
68.87,456.17,28.85,30.85,521.51,0.885,2
65.79,442.2,27.65,26.71,507.66,1.155,2
80.92,792.77,26.55,27.89,92.48,0.436,0
42.15,652.03,32.75,33.17,254.66,0.903,3
13.85,634.17,37.59,32.56,161.21,0.638,1
67.43,758.11,28.49,28.68,182.98,0.531,0
26.55,590.29,37.5,34.24,128.39,0.732,1
36.33,618.19,33.02,31.7,252.94,0.894,3
67.39,771.3,25.82,26.66,148.56,0.531,0
69.79,952.77,27.0,23.22,82.33,0.551,0
56.03,789.83,27.98,26.78,408.82,0.862,2
61.28,541.49,32.01,29.06,777.38,1.176,2
40.62,466.51,34.26,30.03,271.21,1.303,3
65.13,722.55,29.77,28.72,604.31,0.919,2
42.48,722.09,35.48,30.12,469.68,1.075,3
45.26,626.8,35.62,31.33,351.32,0.874,3
62.04,733.6,27.82,27.77,181.2,0.353,0
29.15,614.56,34.99,32.15,129.68,0.655,1
30.24,780.75,36.33,31.69,353.01,1.196,3
13.02,825.03,36.79,30.3,251.26,0.967,1
22.76,886.44,31.25,35.88,272.15,0.995,1
24.98,699.97,35.41,30.05,130.29,0.686,1
51.76,728.47,32.28,30.41,426.55,0.944,2
44.9,595.97,30.4,27.86,637.51,0.805,2
57.92,798.82,25.21,27.44,400.79,1.12,2
21.41,748.51,31.8,35.32,121.52,0.733,1
52.51,494.37,30.22,28.58,483.7,0.777,2
57.49,619.16,27.19,28.23,727.28,0.771,2
56.99,784.04,30.88,31.48,412.61,0.828,2
11.6,526.3,30.99,30.06,130.99,0.984,1
58.61,797.96,31.41,29.42,529.42,0.878,2
75.16,854.5,27.81,28.03,110.26,0.373,0
84.75,753.16,26.91,29.8,133.37,0.314,0
15.02,753.64,39.61,28.16,159.58,0.727,1
43.97,709.9,36.07,32.67,388.16,0.883,3
62.81,510.99,25.71,29.11,450.12,0.975,2
44.42,644.46,33.41,35.68,436.24,0.911,3
53.57,724.02,31.17,25.92,527.45,0.899,2
41.49,611.52,26.94,32.83,581.6,0.762,2
16.01,502.74,31.22,28.54,116.19,0.865,1
55.3,651.76,32.33,26.14,405.4,0.773,2
31.5,717.23,37.3,30.32,431.33,0.928,3
35.78,566.94,39.51,34.99,313.53,1.097,3
43.35,848.51,36.52,31.06,471.5,1.409,3
48.28,385.35,37.04,37.16,451.17,1.142,3
85.57,732.62,26.29,25.14,130.97,0.37,0
10.45,777.43,34.01,32.58,259.49,0.817,1
89.06,800.26,23.64,25.45,144.27,0.587,0
45.13,580.14,28.21,29.96,478.99,1.136,2
56.91,606.14,28.45,28.93,745.23,1.197,2
23.3,711.95,31.25,30.79,123.42,0.759,1
21.5,751.52,35.07,29.68,248.75,0.684,1
50.9,401.18,31.89,32.49,583.18,1.046,2
17.51,875.18,33.68,29.1,209.04,0.619,1
22.54,751.55,36.44,32.01,270.58,0.99,1
19.46,670.77,30.61,33.17,273.81,0.612,1
76.55,827.47,25.37,26.27,99.07,0.564,0
42.46,668.54,39.99,32.65,265.44,1.203,3
39.41,546.31,35.52,33.82,377.78,1.198,3
48.33,454.71,38.77,31.0,270.96,1.466,3
82.54,748.16,26.57,27.46,66.27,0.48,0
29.98,601.72,33.7,32.89,167.34,0.682,1
79.08,932.74,28.68,27.47,156.21,0.313,0
12.91,565.4,39.57,34.94,152.37,0.963,1
50.0,789.16,31.61,31.15,437.23,1.014,2
43.64,559.29,37.37,35.85,358.23,1.202,3
69.43,784.79,29.29,29.91,649.09,0.982,2
34.5,444.42,39.36,37.95,373.81,1.053,3
68.14,981.25,29.48,27.45,121.79,0.473,0
81.16,970.93,24.42,24.11,113.25,0.324,0
28.38,677.75,39.98,29.15,241.94,0.834,1
67.82,700.01,23.33,28.5,76.4,0.362,0
11.21,519.01,31.94,29.37,106.85,0.983,1
50.03,587.92,28.86,26.78,406.29,1.184,2
12.19,525.58,36.52,30.8,225.1,0.62,1
30.0,413.52,34.69,36.2,329.18,1.221,3
82.24,951.58,28.75,23.8,190.34,0.462,0
46.34,535.04,34.3,37.74,469.8,0.971,3
71.11,861.85,23.44,27.66,162.6,0.31,0
45.23,791.48,36.82,30.36,260.64,1.45,3
13.07,589.21,36.15,31.03,175.03,0.602,1
42.84,413.02,26.3,31.67,796.52,0.738,2
18.66,556.99,39.07,28.23,296.14,0.687,1
38.2,315.92,33.37,32.71,485.12,1.386,3
14.03,511.47,38.4,34.33,296.48,0.927,1
14.56,762.62,31.01,29.89,185.68,0.69,1
43.71,634.64,34.67,31.49,566.18,0.796,2
42.38,864.99,37.87,34.17,348.79,1.23,3
32.54,498.49,36.02,33.17,432.05,0.865,3
83.15,822.8,24.97,25.63,185.2,0.592,0
75.44,896.47,25.3,29.78,118.73,0.409,0
35.6,452.49,35.61,32.57,472.41,0.878,3
85.25,716.74,29.48,27.62,82.59,0.47,0
33.04,568.42,33.62,32.22,419.65,0.866,3
65.74,572.55,28.85,32.64,652.62,1.14,2
14.45,839.12,38.56,33.09,192.21,0.735,1
30.94,567.42,34.78,36.06,359.09,1.119,3
69.48,599.22,34.28,27.62,713.16,1.133,2
64.1,794.1,31.17,28.46,451.14,1.01,2
45.72,925.79,35.7,30.66,429.05,1.461,3
44.23,671.4,33.21,33.54,491.47,0.985,3
46.29,643.66,26.95,29.18,592.45,0.789,2
17.03,774.53,38.36,32.77,296.56,0.734,1
64.18,798.57,28.57,29.16,530.13,1.195,2
82.12,981.68,28.0,27.72,174.26,0.367,0
26.59,619.67,38.12,30.51,109.21,0.636,1
46.65,652.95,36.04,35.31,308.81,1.129,3
45.81,625.21,33.17,31.77,441.82,1.106,3
68.69,553.26,30.11,31.17,734.58,0.98,2
25.3,719.04,31.66,29.23,237.45,0.952,1
48.24,815.27,36.83,31.18,421.6,0.926,3
58.58,702.76,26.22,25.26,590.94,0.935,2
26.7,626.8,33.95,28.42,219.75,0.996,1
76.07,730.08,22.92,23.62,145.52,0.355,0
23.4,536.68,38.95,35.69,166.11,0.985,1
12.88,791.28,30.2,34.95,127.36,0.985,1
48.47,498.22,40.23,37.14,442.6,1.242,3
47.84,918.83,36.41,35.62,341.69,1.193,3
41.13,323.81,37.98,37.73,426.83,0.995,3
56.95,609.83,26.44,32.35,401.19,0.914,2
73.85,963.42,26.48,23.37,190.49,0.344,0
78.12,933.52,29.75,24.94,131.6,0.506,0
42.53,384.32,37.79,30.2,377.55,0.816,3
25.52,878.98,39.27,28.2,223.12,0.821,1
62.0,526.06,25.92,30.01,484.26,0.786,2
60.65,757.96,30.43,26.7,439.46,0.813,2
26.93,507.97,35.34,29.04,283.71,0.85,1
38.58,428.03,35.95,32.25,454.75,0.954,3
52.56,683.46,32.95,32.37,599.81,0.804,2
50.56,768.69,26.78,27.27,422.53,0.932,2
54.49,701.55,28.33,31.18,537.21,0.775,2
68.1,925.45,26.03,28.44,108.56,0.45,0
62.11,439.73,29.02,28.73,681.34,1.116,2
42.2,507.74,36.23,30.17,365.28,1.461,3
38.84,560.1,34.18,34.35,476.32,1.047,3
37.73,905.54,33.82,37.68,296.51,1.208,3
30.59,931.84,37.33,33.67,366.93,0.837,3
44.66,572.64,30.79,25.72,522.42,0.755,2
32.22,358.29,37.21,31.8,364.51,1.132,3
53.77,622.67,33.31,29.94,664.21,1.038,2
67.92,787.02,34.99,28.8,605.78,0.922,2
18.85,628.03,30.58,35.25,118.38,0.954,1
65.86,946.62,27.77,24.39,137.88,0.504,0
18.05,885.04,35.23,30.39,164.67,0.824,1
15.5,814.73,37.64,32.58,135.3,0.732,1
10.12,798.41,31.46,29.1,204.67,0.917,1
40.18,628.73,33.66,33.85,454.24,1.331,3
18.21,629.28,39.33,31.6,110.65,0.965,1
17.37,760.72,34.88,31.15,291.64,0.809,1
43.8,418.56,30.5,28.74,653.46,1.047,2
47.37,680.44,31.03,26.24,518.71,0.939,2
61.19,669.57,34.03,25.04,668.28,0.733,2
44.29,362.77,36.29,36.96,437.87,1.388,3
76.56,771.77,25.24,28.35,52.78,0.355,0
62.02,932.38,29.21,29.16,191.61,0.307,0
40.68,331.39,39.76,31.67,350.28,1.07,3
16.66,629.86,36.62,31.54,148.86,0.654,1
63.69,856.66,28.68,25.59,176.58,0.59,0
28.92,613.55,37.78,33.76,137.79,0.626,1
48.48,411.88,34.68,35.91,459.76,1.142,3
48.29,502.96,39.56,37.61,487.95,0.929,3
72.98,850.39,24.45,23.57,76.97,0.488,0
70.6,812.41,23.78,29.85,61.04,0.512,0
28.13,704.94,37.0,29.69,280.68,0.85,1
21.04,883.68,39.72,34.77,255.83,0.931,1
47.47,307.6,37.42,36.0,412.9,1.277,3
17.3,634.88,37.51,31.67,148.64,0.614,1
46.17,716.57,25.41,26.55,690.3,1.064,2
44.53,689.58,32.97,36.52,361.25,1.456,3
40.19,790.12,35.5,35.33,408.27,0.838,3
66.58,971.96,26.67,27.58,50.89,0.576,0
34.2,813.73,35.79,35.4,297.73,0.985,3
35.77,533.32,41.15,37.69,327.87,0.917,3
64.66,966.51,22.07,27.98,65.23,0.377,0
84.34,974.61,29.32,28.47,52.71,0.429,0
23.0,534.69,35.67,29.06,125.48,0.799,1
43.89,838.6,36.2,32.19,419.77,1.414,3
63.11,784.68,25.58,30.29,709.07,0.844,2
66.7,855.55,28.04,25.59,65.02,0.301,0
54.19,482.22,31.19,29.83,707.04,1.054,2
60.09,622.16,28.1,29.86,611.66,0.724,2
68.42,986.69,26.02,27.53,95.81,0.307,0
16.05,615.15,37.12,34.39,179.59,0.674,1
71.14,774.45,28.78,29.3,170.85,0.323,0
45.7,607.44,36.06,37.08,361.3,1.373,3
40.22,477.05,25.72,29.75,533.81,0.889,2
16.9,806.14,33.59,32.32,154.26,0.996,1
47.52,473.71,41.83,34.69,453.56,1.047,3
15.01,679.35,34.23,32.71,271.45,0.786,1
84.62,979.94,22.28,25.46,162.49,0.558,0
66.95,528.1,26.81,29.34,650.95,0.876,2
63.99,538.21,28.14,26.47,711.44,0.957,2
26.14,741.95,36.29,29.62,146.27,0.763,1
85.34,921.18,28.86,25.15,120.51,0.322,0
39.31,759.05,34.54,35.25,305.68,1.345,3
23.85,611.5,33.5,28.36,246.75,0.605,1
85.58,867.26,26.49,26.2,148.74,0.34,0
16.97,647.98,36.45,28.99,253.25,0.684,1
76.96,749.78,23.51,27.16,162.16,0.429,0
69.01,999.81,23.37,22.06,140.63,0.577,0
34.67,573.75,38.56,32.46,337.34,0.829,3
40.84,689.92,30.34,26.3,467.81,1.03,2
77.02,882.04,24.46,25.27,156.95,0.505,0
86.38,841.03,23.09,24.74,52.58,0.353,0
11.04,693.78,34.58,32.78,160.58,0.623,1
44.48,447.62,34.29,32.55,409.17,1.124,2
63.12,945.37,26.89,26.47,111.96,0.337,0
38.92,861.64,37.99,33.51,408.42,1.254,3
24.68,881.71,35.23,33.93,187.43,0.877,1
26.46,656.5,32.81,34.94,142.71,0.97,1
13.73,606.49,38.14,35.44,210.31,0.896,1
69.18,925.18,24.69,29.09,119.48,0.593,0
71.18,839.37,23.04,23.6,111.8,0.371,0
11.05,860.1,33.73,34.4,272.47,0.708,1
45.03,561.49,37.53,37.54,363.22,1.346,3
48.91,595.04,35.63,34.0,398.78,1.125,3
49.17,339.62,35.4,36.88,351.94,0.898,3
23.6,725.01,34.18,30.82,252.01,0.664,1
68.04,825.37,27.32,29.59,157.48,0.565,0
23.42,502.78,38.88,33.96,277.08,0.926,1
46.45,503.55,32.93,27.2,648.55,1.009,2
40.94,694.47,34.59,31.46,734.65,0.916,2
62.13,414.47,34.38,25.51,542.78,0.864,2
64.24,945.91,25.33,22.96,127.86,0.415,0
61.25,979.26,26.42,24.34,120.31,0.556,0
53.39,791.21,32.44,26.83,693.8,0.748,2
54.31,403.63,29.23,25.08,602.37,0.749,2
10.18,538.93,36.75,31.1,137.5,0.931,1
10.01,694.28,34.16,34.49,171.78,0.992,1
61.63,550.19,30.99,28.7,710.9,0.714,2
68.39,424.89,34.41,31.64,636.84,0.71,2
22.37,561.33,33.22,31.1,234.09,0.729,1
88.1,953.88,28.59,25.87,106.79,0.435,0
67.57,485.98,29.75,31.7,752.65,0.948,2
11.05,695.62,35.46,35.46,101.35,0.856,1
18.15,549.02,37.39,30.28,135.79,0.945,1
23.38,649.88,30.74,31.13,277.91,0.687,1
11.79,651.03,37.86,29.73,137.13,0.907,1
46.55,872.66,35.87,34.36,355.39,0.827,3
53.75,425.26,30.7,30.15,628.32,0.856,2
30.74,900.75,36.51,30.73,409.94,0.984,3
14.77,561.78,31.37,34.7,184.57,0.795,1
20.74,637.68,33.74,33.79,198.24,0.889,1
60.42,448.03,25.22,25.63,497.07,0.726,2
35.56,575.39,38.18,34.13,304.38,1.193,3
44.55,574.41,32.69,27.63,677.03,0.975,2
45.57,944.9,34.87,35.19,336.07,1.4,3
62.21,421.0,32.26,30.79,574.49,0.965,2
48.84,503.88,32.29,35.96,446.41,1.32,3
40.4,560.03,39.22,35.51,450.96,1.002,3
51.74,773.42,31.8,25.45,488.14,0.785,2
14.11,626.83,34.25,33.88,145.12,0.87,1
35.85,459.92,37.97,37.62,492.72,1.229,3
76.85,740.77,25.69,26.72,70.05,0.387,0
38.17,470.27,34.22,36.63,268.53,1.094,3
31.46,880.53,34.17,32.69,480.75,0.996,3
41.6,568.76,37.96,36.96,346.36,1.468,3
43.86,461.96,34.73,36.77,274.0,1.017,3
46.56,773.39,37.79,32.14,337.68,1.377,3
47.7,356.41,39.86,30.08,398.55,0.99,3
48.26,429.02,40.11,36.56,303.33,0.944,3
46.27,887.65,40.71,37.85,272.45,1.175,3
64.85,607.08,26.23,31.46,780.47,0.901,2
18.27,648.66,37.34,32.21,224.91,0.991,1
68.88,654.82,31.05,31.47,722.11,0.942,2
62.12,715.17,29.67,28.29,178.45,0.464,0
40.39,529.73,29.9,30.31,502.42,1.064,2
40.72,618.75,39.97,31.77,335.28,1.217,3
65.56,961.42,27.34,27.19,75.08,0.466,0
39.21,637.37,38.07,33.15,487.87,1.466,3
15.31,633.47,32.77,33.38,224.75,0.638,1
82.23,961.58,28.75,29.62,103.55,0.436,0
50.49,673.56,28.79,31.21,509.35,1.059,2
47.64,415.8,36.08,32.37,268.3,0.888,3
46.91,696.79,25.93,30.21,547.88,1.194,2
79.19,853.64,25.33,23.62,85.76,0.499,0
67.76,700.22,30.6,27.35,625.44,0.962,2
39.03,552.37,41.84,31.08,489.39,0.831,3
85.75,722.47,28.53,28.44,87.11,0.581,0
23.55,711.98,34.72,33.14,254.09,0.741,1
36.86,687.88,34.08,35.5,394.11,1.35,3
75.45,938.87,23.62,28.44,163.22,0.31,0
12.79,619.55,35.01,28.56,229.89,0.68,1
38.8,423.44,35.08,30.09,288.63,1.398,3
14.15,620.2,36.74,33.82,111.7,0.917,1
89.94,939.34,29.22,29.96,104.93,0.347,0
40.56,449.66,32.27,32.58,639.5,1.062,2
77.72,966.39,27.89,24.88,184.34,0.485,0
20.57,522.85,30.42,31.44,228.62,0.726,1
21.4,690.93,34.88,31.44,124.31,0.794,1
47.09,701.92,27.68,27.48,594.99,0.729,2
53.77,670.97,32.44,32.14,562.55,0.892,2
52.77,621.07,25.43,27.96,614.15,0.79,2
17.52,827.77,34.74,28.66,108.84,0.921,1
53.85,667.91,25.94,29.12,796.97,0.709,2
35.03,686.71,34.87,37.56,338.32,1.477,3
53.13,723.38,34.21,28.01,601.57,0.746,2
26.6,607.06,31.02,30.86,256.42,0.847,1
66.53,982.21,24.02,29.78,169.15,0.35,0
21.09,830.51,31.72,34.95,106.88,0.746,1
64.84,470.33,30.32,31.06,464.12,0.745,2
56.11,716.27,30.5,29.72,586.31,0.956,2
46.82,301.27,38.58,37.85,414.09,1.235,3
41.3,792.6,33.81,30.86,297.04,1.172,3
71.33,737.31,29.15,22.26,103.56,0.563,0
56.93,568.18,30.34,28.98,758.01,0.816,2
71.59,931.31,25.24,22.13,123.09,0.44,0
46.15,472.02,27.6,29.49,707.19,1.177,2
18.52,782.9,38.23,29.69,185.03,0.655,1
60.56,888.26,25.32,23.92,141.59,0.365,0
68.74,506.61,30.49,27.47,446.16,0.921,2
34.41,425.69,39.85,32.51,281.68,1.152,3
48.6,480.63,41.89,33.4,285.2,0.864,3
60.74,996.66,25.4,29.97,106.83,0.4,0
86.02,915.39,23.05,29.7,150.6,0.313,0
11.86,762.21,32.05,35.9,136.09,0.97,1
31.78,945.43,36.53,36.12,370.51,1.026,3
32.25,674.05,35.8,30.23,460.59,1.15,3
66.49,401.71,34.86,28.15,580.45,0.833,2
12.7,666.98,31.04,35.22,149.27,0.704,1
35.13,823.1,40.78,33.72,413.06,1.154,3
69.53,804.67,27.65,24.69,184.97,0.569,0
63.09,500.1,33.48,26.13,693.74,1.07,2
84.12,974.88,29.68,28.91,115.86,0.374,0
38.86,721.48,32.42,31.73,324.3,1.403,3
47.52,485.84,35.39,34.28,352.81,0.917,3
49.85,536.02,31.59,30.44,707.43,0.822,2
33.57,390.66,38.19,31.26,310.53,0.874,3
40.12,899.47,34.71,34.76,318.18,1.102,3
82.92,906.86,27.29,24.43,73.25,0.379,0
40.74,618.06,38.79,35.0,457.89,1.042,3
55.21,590.87,27.98,25.26,567.27,1.109,2
44.4,867.98,32.49,35.54,400.33,1.017,3
17.05,705.29,38.57,33.39,214.96,0.919,1
78.99,906.57,27.77,29.51,54.77,0.337,0
22.59,523.42,36.62,33.18,206.41,0.995,1
16.24,503.11,39.58,35.25,163.76,0.616,1
40.87,704.76,34.73,30.92,515.36,0.768,2
41.24,664.77,37.88,34.34,433.45,1.437,3
51.76,735.55,32.95,26.91,780.72,0.746,2
41.81,770.85,27.22,28.6,494.96,0.841,2
17.93,783.85,30.84,30.63,243.1,0.777,1
34.7,575.46,33.12,35.86,363.44,1.267,3
68.99,540.08,31.12,31.68,674.91,1.087,2
86.16,916.82,29.4,22.91,119.01,0.468,0
75.46,785.61,28.31,24.02,67.49,0.381,0
47.99,759.68,39.64,32.27,275.26,1.407,3
63.26,860.7,22.24,29.83,193.69,0.474,0
45.57,570.8,41.99,36.37,349.7,1.136,3
85.35,937.02,28.26,26.39,102.0,0.591,0
30.35,462.71,36.53,35.26,445.05,1.476,3
10.09,732.63,38.54,33.5,251.61,0.7,1
85.79,865.32,25.75,27.83,174.89,0.453,0
48.42,939.36,34.8,31.85,267.3,1.211,3
40.65,519.43,25.78,26.05,545.8,1.132,2
61.21,487.84,27.91,30.16,717.08,0.758,2
32.46,488.77,37.94,32.1,253.54,1.401,3
41.08,925.65,38.48,35.85,497.41,1.122,3
19.68,661.23,39.06,34.41,161.83,0.915,1
69.59,915.28,23.13,23.26,198.93,0.543,0
23.06,616.77,39.75,34.07,111.99,0.863,1
21.89,669.13,37.17,28.56,230.31,0.991,1
62.19,780.78,33.15,32.8,664.13,0.807,2
44.11,764.72,33.95,35.12,273.24,1.415,3
21.61,614.49,35.04,35.79,201.52,0.785,1
48.13,780.83,26.72,30.1,700.35,1.004,2
69.28,757.43,34.36,31.88,568.58,1.199,2
41.14,306.35,33.42,37.32,481.24,1.19,3
22.6,678.13,38.03,29.56,269.13,0.721,1
38.45,740.43,33.96,33.87,477.2,1.383,3
35.27,385.21,34.84,32.74,469.97,0.912,3
13.12,873.11,39.45,31.38,161.29,0.811,1
17.21,842.4,35.75,34.13,146.27,0.927,1
62.92,983.88,26.57,23.4,156.55,0.406,0
67.27,511.07,33.48,27.82,580.56,1.186,2
35.7,579.18,41.99,36.97,368.51,1.05,3
58.91,625.39,27.08,28.24,407.65,0.79,2
48.13,458.78,32.23,31.7,674.76,0.987,2
88.28,818.99,27.86,27.5,58.75,0.579,0
22.28,684.93,32.17,28.4,175.18,0.646,1
47.49,713.87,33.89,31.53,551.77,0.842,2
63.17,871.83,29.32,25.54,131.27,0.431,0
52.62,662.76,28.64,26.56,471.38,0.906,2
69.13,781.7,26.08,25.78,53.76,0.558,0
78.71,804.01,24.3,29.43,172.9,0.402,0
67.89,433.0,33.07,27.42,692.19,0.769,2
33.61,355.31,32.46,36.88,341.09,1.373,3
57.23,418.31,27.94,31.89,786.9,1.005,2
29.69,594.02,35.84,35.45,151.64,0.903,1
45.36,848.91,37.47,33.56,294.75,0.979,3
33.44,372.02,38.73,33.51,482.01,0.974,3
21.33,643.54,38.08,31.29,190.94,0.707,1
77.9,907.26,23.77,28.57,196.08,0.457,0
14.85,586.3,34.82,34.66,163.6,0.6,1
38.66,631.3,35.24,31.33,442.97,1.204,3
46.26,626.05,30.01,28.78,580.7,0.997,2
88.03,842.36,28.6,27.33,147.96,0.38,0
39.24,527.8,37.53,32.55,300.94,1.398,3
72.52,914.89,27.65,29.72,104.72,0.531,0
29.44,828.28,37.86,29.12,130.68,0.885,1
33.89,844.34,34.9,35.78,414.38,0.866,3
59.41,530.16,34.58,28.99,548.46,0.961,2
17.98,897.53,39.56,31.49,159.49,0.852,1
59.34,682.86,28.75,32.76,465.1,1.185,2
45.54,619.04,28.42,29.23,745.9,1.093,2
74.42,752.49,29.7,26.8,102.82,0.465,0
76.67,848.73,28.47,24.15,145.07,0.388,0
52.89,547.83,27.43,29.56,643.99,1.195,2
35.63,467.41,34.86,36.3,310.35,0.806,3
41.11,314.9,38.72,31.99,379.76,1.412,3
57.2,552.25,29.57,31.02,473.13,1.041,2
10.05,626.83,34.71,31.04,253.57,0.816,1
78.45,723.76,23.34,24.62,183.12,0.386,0
46.74,766.36,33.74,27.9,704.08,1.033,2
27.19,568.19,33.4,35.01,282.49,0.927,1
62.01,505.37,31.91,29.89,574.92,0.989,2
10.77,626.13,34.83,29.05,263.36,0.981,1
41.24,300.04,33.11,37.52,396.68,1.199,3
82.74,885.28,24.11,23.94,184.58,0.375,0
68.49,870.09,29.59,22.29,86.61,0.553,0
47.13,447.29,32.42,25.6,508.78,1.0,2
69.96,778.43,23.31,22.71,185.89,0.397,0
41.22,689.22,37.3,31.79,487.58,1.258,3
23.56,647.92,35.85,29.52,239.73,0.807,1
67.27,759.95,26.53,22.29,60.18,0.568,0
31.35,826.26,38.85,34.17,388.13,1.337,3
77.87,809.06,23.56,28.47,95.03,0.422,0
70.54,854.98,23.65,25.97,115.39,0.361,0
31.07,891.83,33.25,31.72,404.5,0.909,3
37.18,912.46,38.86,30.54,354.7,1.436,3
32.57,410.72,39.95,37.65,468.07,0.808,3
44.35,705.53,37.85,34.78,378.49,1.457,3
37.73,920.96,38.86,37.84,372.86,1.139,3
13.69,832.35,33.64,33.78,261.41,0.808,1
79.38,791.0,28.51,29.39,152.74,0.596,0
33.92,639.92,33.94,32.08,459.05,1.452,3
58.48,705.97,25.04,29.14,476.38,0.993,2
76.54,774.28,25.46,24.3,121.2,0.445,0
59.66,425.25,28.43,29.17,477.36,0.702,2
63.44,432.7,26.34,26.38,791.74,1.178,2
81.85,733.07,25.86,22.52,73.21,0.406,0
36.23,915.28,37.02,35.44,367.21,1.296,3
35.75,892.25,33.92,32.32,468.42,1.102,3
53.26,777.27,32.31,32.38,632.59,1.116,2
48.42,590.32,35.07,31.01,454.65,0.861,3
82.78,982.71,24.97,23.6,170.45,0.471,0
67.15,768.64,29.57,28.56,83.27,0.587,0
16.89,652.32,30.33,34.71,132.6,0.968,1
88.24,899.6,29.02,26.39,51.88,0.412,0
61.41,621.36,29.6,27.61,667.8,1.171,2
42.42,569.99,25.5,29.92,570.04,0.81,2
75.96,924.3,24.15,24.09,81.27,0.599,0
84.64,843.37,27.9,25.18,64.0,0.402,0
86.51,957.53,26.29,29.7,110.78,0.533,0
60.3,873.85,22.06,24.86,88.88,0.424,0
61.53,541.49,30.72,26.62,599.39,1.181,2
62.93,635.14,32.32,32.0,442.65,0.761,2
51.63,534.42,25.81,27.65,505.94,0.846,2
33.21,736.29,36.51,35.52,399.58,1.151,3
82.8,785.46,24.02,28.53,111.37,0.488,0
82.21,815.15,25.02,26.83,198.07,0.529,0
34.77,598.02,36.31,30.37,495.05,1.451,3
59.93,444.74,31.61,29.63,775.08,0.929,2
23.91,686.86,36.8,29.57,119.96,0.765,1
45.43,368.41,39.98,37.49,300.84,0.874,3
68.84,841.96,26.62,22.66,125.08,0.463,0
41.37,881.06,33.39,32.62,462.79,0.994,3
33.79,345.15,36.54,31.71,358.19,1.19,3
37.13,911.58,34.39,35.07,413.76,0.889,3
71.78,857.63,29.59,27.88,174.03,0.45,0
69.96,476.46,34.24,30.74,499.29,0.966,2
43.31,448.57,40.13,35.74,268.05,1.186,3
50.89,762.92,26.95,27.52,738.57,1.065,2
58.38,476.08,29.03,25.32,701.0,0.92,2
23.03,878.23,36.84,32.6,232.27,0.882,1
62.66,968.77,24.3,29.36,105.45,0.591,0
54.44,690.91,31.41,28.14,525.51,0.826,2
12.87,838.14,38.23,31.22,124.24,0.618,1
67.64,994.62,27.99,25.14,133.78,0.442,0
36.09,353.39,35.62,36.65,375.2,1.086,3
33.76,305.84,37.59,34.5,342.4,1.138,3
77.13,964.43,28.74,25.73,146.51,0.493,0
42.52,605.27,34.28,31.59,742.52,0.755,2
23.36,750.68,37.84,34.64,231.55,0.828,1
31.3,429.65,35.56,36.72,452.07,1.03,3
76.32,917.28,29.04,25.43,130.84,0.481,0
14.75,893.23,35.97,32.48,262.05,0.762,1
82.21,916.34,22.19,24.37,75.6,0.305,0
68.08,534.48,28.71,28.74,411.06,0.866,2
19.67,815.85,32.8,29.36,133.06,0.735,1
64.68,727.97,28.94,28.48,51.86,0.36,0
58.83,427.73,33.91,29.14,555.77,0.992,2
60.45,884.65,29.84,25.74,77.73,0.343,0
63.32,831.31,29.85,29.13,197.64,0.523,0
78.14,842.85,23.37,23.7,110.1,0.541,0
24.36,573.02,40.0,30.9,291.71,0.887,1
74.34,722.36,27.45,24.37,73.55,0.575,0
28.7,839.54,32.08,29.71,145.09,0.838,1
23.47,753.2,32.79,29.14,227.44,0.797,1
78.21,793.95,28.87,24.07,115.38,0.351,0
20.95,654.29,32.91,33.28,219.88,0.664,1
36.7,540.96,32.33,33.87,397.52,1.365,3
64.72,789.97,24.77,26.75,70.11,0.414,0
70.52,734.4,29.92,27.09,150.42,0.552,0
44.66,434.26,26.18,28.17,544.02,1.2,2
33.78,780.75,36.36,31.67,318.31,0.843,3
23.95,692.63,33.04,29.22,222.47,0.74,1
89.81,998.04,29.92,26.09,62.9,0.334,0
64.26,542.3,33.1,31.84,452.36,0.894,2
79.31,964.25,26.92,24.63,198.26,0.595,0
39.99,860.7,37.33,32.86,334.44,1.003,3
69.93,720.07,26.07,31.61,714.29,0.927,2
61.94,407.39,32.72,26.33,404.15,1.098,2
43.57,790.48,33.06,30.56,273.82,1.16,3
59.66,406.99,30.53,30.07,603.04,0.71,2
41.0,839.43,38.98,31.8,358.94,0.963,3
23.81,692.13,32.23,29.79,124.41,0.966,1
38.62,414.83,34.54,35.97,389.14,1.363,3
59.76,632.76,34.03,27.02,595.04,0.882,2
47.34,562.52,34.78,32.93,525.26,1.045,2
48.49,307.35,38.56,37.7,260.97,1.075,3
21.99,760.89,36.5,29.32,246.84,0.625,1
10.99,535.76,39.93,29.37,292.47,0.76,1
22.77,533.62,33.46,32.85,224.04,0.812,1
58.62,609.01,26.17,28.77,562.23,0.798,2
82.36,922.49,25.1,29.32,93.85,0.347,0
71.57,974.56,26.36,29.63,177.75,0.487,0
63.13,875.82,27.54,29.35,105.56,0.458,0
82.05,998.81,22.19,25.76,53.41,0.539,0
63.48,776.35,27.76,25.61,705.1,0.746,2
25.11,850.52,39.58,31.48,188.05,0.948,1
12.81,557.35,34.21,31.06,287.58,0.802,1
34.08,454.12,34.3,37.22,364.94,1.454,3
29.15,827.37,30.52,35.29,242.98,0.956,1
55.42,556.9,29.82,31.87,683.75,0.994,2
81.53,898.86,22.09,22.36,151.9,0.332,0
68.93,576.18,34.7,30.07,506.0,0.73,2
64.99,689.13,33.56,27.93,594.42,0.937,2
27.17,811.15,33.83,30.43,149.58,0.608,1
20.18,802.62,30.94,28.1,293.11,0.738,1
61.53,809.26,25.9,27.33,61.14,0.363,0
15.18,721.47,39.47,30.04,288.2,0.78,1
63.61,425.83,28.78,27.97,624.98,1.128,2
19.25,656.73,32.1,30.0,175.99,0.764,1
69.86,711.2,26.98,26.94,191.52,0.381,0
27.21,814.55,31.75,33.88,250.23,0.985,1
62.46,851.0,28.34,28.75,126.18,0.519,0
30.38,405.32,37.7,32.63,374.8,1.357,3
58.87,433.9,34.24,28.97,591.73,0.782,2
33.71,571.82,35.41,37.23,341.13,1.47,3
74.97,959.72,29.97,25.68,116.44,0.412,0
48.57,775.99,32.82,32.52,466.98,1.312,3
68.17,623.11,34.39,32.73,572.48,0.937,2
47.22,426.85,40.65,32.37,347.16,1.256,3
26.0,735.32,36.4,28.69,208.79,0.841,1
60.28,908.63,28.96,22.51,154.0,0.529,0
67.74,803.52,28.31,27.85,93.46,0.41,0
23.69,680.65,32.27,33.13,121.79,0.765,1
87.76,812.22,24.31,25.04,78.57,0.553,0
13.6,844.03,39.15,28.52,252.05,0.95,1
18.17,797.32,32.34,35.94,159.99,0.646,1
42.34,837.56,33.86,32.24,414.14,1.292,3
69.29,438.76,34.81,31.07,542.15,0.714,2
13.49,751.39,33.92,32.25,215.41,0.64,1
73.17,732.5,22.81,27.16,128.91,0.387,0
40.07,610.54,35.88,36.52,294.71,0.885,3
22.29,771.97,37.24,35.2,164.29,0.939,1
73.74,784.28,28.32,24.83,71.68,0.588,0
65.86,445.84,27.23,26.2,532.3,0.992,2
47.8,783.76,32.98,31.98,281.47,1.386,3
44.99,484.0,39.27,30.93,464.05,0.864,3
23.6,540.09,31.1,35.23,235.59,0.6,1
75.36,766.13,27.92,23.68,87.57,0.586,0
65.88,451.84,25.72,29.38,753.98,1.125,2
21.18,564.42,33.54,30.81,204.57,0.921,1
29.82,673.81,33.68,31.02,277.87,0.968,1
34.77,583.32,34.34,37.18,368.84,1.318,3
30.56,332.3,33.31,34.73,461.83,1.189,3
26.56,589.4,32.74,29.46,246.92,0.635,1
66.9,569.02,34.6,28.0,769.78,0.905,2
81.75,963.82,28.65,25.89,107.06,0.532,0
73.41,765.18,28.48,28.97,156.12,0.575,0
18.41,662.11,35.41,33.9,261.89,0.683,1
68.45,715.88,27.62,26.63,125.01,0.382,0
44.42,668.62,35.3,35.01,393.82,1.208,3
59.2,734.46,27.55,32.06,620.62,1.048,2
32.53,317.89,33.32,32.06,403.99,1.179,3
13.94,699.29,36.95,34.98,296.1,0.825,1
22.83,530.47,36.53,35.31,297.14,0.666,1
59.54,654.73,25.1,31.89,703.34,0.928,2
61.52,874.02,25.48,23.76,96.61,0.441,0
47.71,913.73,33.79,31.45,372.08,0.953,3
60.39,964.74,29.46,23.82,162.43,0.571,0
10.19,688.79,36.46,34.07,137.2,0.713,1
60.51,667.91,29.33,28.35,468.75,0.994,2
45.05,553.16,39.75,33.64,307.16,1.321,3
16.18,624.03,37.88,33.93,250.41,0.783,1
34.05,323.67,38.9,35.06,365.85,1.492,3
48.5,673.18,39.84,32.0,417.74,1.304,3
20.15,749.21,37.38,28.36,187.65,0.647,1
79.26,708.8,27.75,28.72,81.89,0.398,0
57.95,559.92,33.52,25.86,527.58,1.17,2
83.28,817.66,22.16,29.42,150.61,0.304,0
68.8,795.95,27.39,27.48,51.94,0.496,0
63.53,632.41,32.26,31.01,641.23,1.078,2
28.73,502.2,39.09,29.72,213.06,0.607,1
44.02,462.32,35.54,37.45,359.01,0.884,3
22.6,549.02,30.94,28.25,255.19,0.691,1
59.44,590.74,27.62,25.84,444.5,0.964,2
63.96,882.57,24.82,27.15,199.18,0.583,0
46.81,531.68,32.94,34.22,305.36,0.849,3
79.64,771.97,23.87,26.96,84.11,0.351,0
27.44,609.96,39.88,32.05,136.3,0.929,1
12.2,552.55,32.01,35.43,239.18,0.984,1
49.77,901.9,35.53,31.96,475.35,1.2,3
40.03,941.03,33.75,34.26,473.14,1.283,3
16.31,788.62,33.12,29.68,251.61,0.807,1
81.07,752.84,22.73,26.23,95.57,0.377,0
14.83,501.94,35.7,31.11,231.76,0.879,1
51.76,549.76,33.49,31.02,467.04,0.816,2
10.58,552.54,36.27,32.11,122.31,0.982,1
20.72,690.12,32.21,29.49,240.3,0.855,1
12.8,706.64,30.2,31.95,200.53,0.64,1
43.4,587.65,34.51,30.06,305.11,1.29,3
55.77,404.33,32.46,28.22,625.53,0.877,2
77.28,907.09,23.38,27.13,78.61,0.454,0
54.45,508.89,25.24,25.42,479.24,0.923,2
71.89,765.13,26.64,24.05,142.81,0.348,0
26.73,694.57,30.39,35.99,152.53,0.976,1
85.54,724.58,22.93,26.41,173.57,0.518,0
72.22,929.6,24.9,24.72,121.91,0.585,0
64.25,953.45,29.2,29.22,123.17,0.403,0
32.03,816.01,37.78,32.9,364.61,1.369,3
71.58,765.54,28.08,24.21,112.08,0.305,0
61.4,744.81,25.82,29.74,427.86,0.909,2
45.69,741.51,34.66,37.27,401.17,1.31,3
32.07,491.17,41.2,37.93,313.07,1.05,3
12.37,620.23,30.97,28.83,254.29,0.665,1
61.03,696.41,29.54,25.69,637.61,1.018,2
20.97,601.76,32.34,28.62,267.78,0.824,1
40.55,584.72,31.14,25.61,778.05,0.846,2
12.37,790.83,35.42,34.63,144.47,0.619,1
60.11,647.12,32.18,27.41,725.63,1.067,2
43.99,794.81,33.97,28.66,402.31,1.041,2
76.91,792.66,23.68,28.29,117.85,0.377,0
62.54,697.26,30.87,27.58,679.85,1.096,2
76.97,780.36,23.83,26.24,58.3,0.559,0
88.07,764.38,28.33,29.65,189.92,0.379,0
86.74,966.36,26.11,24.16,71.37,0.419,0
56.93,423.89,30.03,28.51,487.14,0.704,2
30.24,744.68,40.17,31.57,463.31,0.858,3
18.37,555.24,35.5,31.64,182.7,0.997,1
26.77,872.71,39.62,33.57,161.66,0.725,1
77.11,971.89,26.31,27.66,166.65,0.361,0
31.81,879.09,41.57,33.35,264.73,1.31,3
78.92,956.89,22.11,25.34,135.39,0.409,0
33.06,331.58,38.68,35.18,404.15,1.285,3
46.0,755.1,27.9,32.52,468.59,1.052,2
66.89,413.49,29.9,30.63,505.7,1.158,2
10.06,740.38,35.17,29.36,219.46,0.72,1
84.8,909.87,27.75,22.15,177.93,0.334,0
20.48,597.46,30.41,32.38,234.31,0.955,1
11.63,872.82,30.56,29.95,157.69,0.796,1
51.35,798.8,25.18,25.12,458.7,0.943,2
49.12,760.13,40.26,37.27,267.45,1.301,3
20.83,885.05,37.94,28.1,167.5,0.759,1
74.04,953.87,23.63,22.46,182.05,0.301,0
40.92,422.33,29.79,29.57,527.59,1.023,2
53.63,422.13,32.06,25.69,750.32,0.87,2
71.69,882.7,23.45,22.57,173.51,0.302,0
47.96,569.84,27.41,27.28,732.78,0.884,2
89.01,972.31,27.46,26.28,96.35,0.382,0
64.81,989.1,27.26,28.14,115.49,0.381,0
43.08,792.96,35.61,34.03,337.84,1.052,3
87.43,998.15,27.11,23.52,84.96,0.481,0
62.56,990.69,28.26,29.32,162.38,0.518,0
13.15,636.23,30.46,34.02,103.22,0.712,1
23.14,524.28,35.41,33.41,195.81,0.909,1
31.49,528.33,32.51,34.37,361.65,0.827,3
53.47,448.18,28.86,30.98,759.2,0.782,2
73.68,756.52,24.82,24.59,192.99,0.558,0
14.01,857.38,35.56,32.82,118.3,0.949,1
25.67,883.58,34.72,31.2,200.07,0.795,1
58.46,523.56,27.04,31.29,658.61,0.906,2
56.71,683.02,33.96,26.75,645.63,0.779,2
21.35,704.67,32.26,35.59,208.52,0.956,1
22.66,798.87,35.83,34.3,263.7,0.637,1
16.06,567.12,35.88,30.71,243.94,0.608,1
17.0,599.06,39.17,33.12,200.35,0.682,1
38.72,409.33,34.57,37.18,396.15,1.425,3
48.92,417.33,38.44,34.64,336.49,1.002,3
27.46,556.93,32.02,29.86,108.83,0.763,1
78.82,999.28,24.93,29.13,154.41,0.308,0
11.46,501.0,39.39,34.11,153.72,0.815,1
29.59,761.93,38.66,29.11,261.38,0.927,1
64.02,989.54,25.65,24.45,143.38,0.464,0
22.32,764.95,30.27,31.58,242.54,0.876,1
62.16,730.69,27.02,24.83,71.66,0.585,0
29.65,740.49,32.35,32.02,140.9,0.828,1
89.46,716.33,24.05,29.28,176.7,0.444,0
74.99,884.37,26.99,27.89,81.56,0.426,0
46.64,767.91,31.62,26.87,569.92,1.176,2
38.02,488.5,32.25,32.86,412.06,1.1,3
62.93,846.86,25.95,25.07,149.82,0.421,0
67.51,814.19,23.27,26.29,135.14,0.43,0
42.0,663.92,28.76,28.58,644.36,0.847,2
31.98,317.95,41.3,31.41,270.64,1.434,3
52.33,437.32,25.05,31.3,450.62,0.908,2
20.09,515.27,37.95,28.63,279.77,0.849,1
72.86,868.87,25.55,24.93,193.79,0.483,0
46.86,833.83,35.24,31.4,364.7,0.942,3
43.64,525.87,36.54,37.97,416.34,1.305,3
13.63,734.03,33.6,33.59,218.62,0.666,1
54.41,601.48,32.6,25.66,672.34,1.007,2
15.27,714.29,30.8,30.24,277.7,0.806,1
63.49,839.38,23.46,25.7,89.32,0.508,0
28.53,576.33,30.29,29.96,166.79,0.805,1
36.03,709.88,34.09,36.07,418.71,1.382,3
45.78,310.67,39.52,33.44,396.01,0.983,3
41.8,693.22,28.93,29.98,645.83,1.097,2
23.59,715.98,36.9,34.14,288.36,0.856,1
27.28,745.36,31.07,30.57,104.77,0.681,1
10.06,751.94,35.47,31.82,227.66,0.919,1
44.71,483.99,41.65,34.42,462.68,1.381,3
20.24,836.51,37.24,35.86,138.96,0.794,1
68.04,469.05,26.77,27.26,611.01,0.9,2
41.77,771.51,32.53,33.31,484.41,1.048,3
14.64,565.8,31.99,33.66,239.56,0.988,1
86.1,878.85,23.3,25.5,58.37,0.369,0
50.58,478.92,28.33,32.32,719.93,1.136,2
67.38,693.52,32.23,29.65,665.48,0.72,2
43.14,574.39,30.36,32.6,523.64,0.786,2
36.46,313.66,37.52,30.81,453.82,0.932,3
33.51,595.85,32.62,37.99,252.25,1.436,3
65.74,433.88,31.23,32.34,755.39,1.143,2
24.55,704.71,35.18,35.25,222.9,0.883,1
69.03,875.96,29.46,23.27,149.16,0.576,0
72.77,738.14,25.75,27.1,65.24,0.459,0
67.92,778.18,29.11,25.69,438.64,0.747,2
80.95,774.64,24.16,23.35,197.68,0.383,0
88.35,980.54,24.64,25.41,181.14,0.307,0
42.98,440.34,38.22,35.02,363.4,0.858,3
69.52,899.63,29.6,27.03,135.98,0.498,0
17.37,607.19,30.45,29.58,205.31,0.944,1
56.7,629.0,25.68,32.39,758.84,0.988,2
69.37,792.03,25.38,27.8,113.71,0.461,0
67.29,710.47,34.93,26.7,573.42,1.184,2
81.71,785.5,26.01,29.31,84.46,0.397,0
65.39,734.18,28.33,23.8,55.49,0.42,0
55.11,557.31,26.75,31.01,717.91,0.824,2
25.06,766.19,36.81,33.84,159.46,0.816,1
47.34,687.01,32.16,29.28,596.71,1.199,2
47.24,473.31,38.13,37.39,441.97,0.864,3
47.04,608.05,26.76,27.49,709.53,1.157,2
34.69,876.74,40.78,37.07,375.14,1.417,3
32.39,324.67,35.52,36.33,423.0,1.115,3
38.08,566.22,37.64,31.59,348.0,0.856,3
38.65,530.13,32.68,31.2,377.85,1.184,3
48.98,726.58,36.78,35.93,487.54,1.008,3
43.31,545.93,32.99,34.48,345.1,0.873,3
65.41,462.7,31.54,30.94,676.63,0.833,2
64.75,815.5,24.3,22.62,112.41,0.323,0
16.95,538.51,37.5,28.02,204.16,0.787,1
77.87,726.1,26.21,23.05,193.14,0.381,0
38.6,614.87,35.43,30.36,357.34,1.153,3
32.85,478.09,34.8,33.49,262.68,0.898,3
44.54,341.86,34.93,34.47,379.59,0.961,3
15.88,555.76,38.71,34.27,269.07,0.74,1
20.21,881.6,38.74,30.74,208.6,0.771,1
47.16,362.58,41.12,33.89,411.23,1.19,3
43.55,507.75,31.89,30.82,505.23,1.078,2
26.99,701.68,35.83,31.78,191.75,0.601,1
81.92,848.78,25.62,27.83,162.89,0.591,0
23.49,582.63,38.21,34.24,136.12,0.74,1
88.68,883.26,28.22,28.63,170.32,0.365,0
62.88,979.59,25.67,23.79,167.47,0.334,0
15.03,764.8,32.57,31.43,188.56,0.752,1
29.23,878.32,32.78,33.78,144.38,0.653,1
78.7,934.33,22.15,22.06,127.86,0.54,0
50.04,604.56,34.21,31.43,727.43,1.121,2
40.85,385.25,40.97,30.95,308.49,1.181,3
16.12,504.1,36.63,35.67,247.63,0.737,1
34.28,541.51,34.21,34.27,456.01,0.836,3
38.37,902.36,36.05,36.45,472.75,1.315,3
11.27,517.43,30.28,33.61,249.3,0.846,1
86.08,820.96,29.66,25.43,61.5,0.444,0
71.42,770.07,28.6,22.06,151.08,0.523,0
15.66,564.97,38.98,28.4,217.45,0.895,1
55.98,513.3,27.82,25.32,541.08,0.932,2
67.14,836.28,24.48,27.28,161.78,0.491,0
56.9,548.98,30.97,29.51,708.76,0.742,2
44.15,715.38,40.36,31.96,474.16,0.967,3
21.39,892.17,33.17,34.55,273.75,0.873,1
26.84,788.66,32.21,29.02,174.08,0.829,1
60.36,797.72,28.47,30.45,721.83,1.062,2
67.2,743.47,25.24,26.55,99.88,0.402,0
29.12,598.59,33.09,34.01,187.46,0.758,1
66.68,823.19,24.56,22.6,78.46,0.38,0
42.08,515.08,30.04,25.17,520.28,0.856,2
34.45,772.72,40.67,34.69,332.04,0.812,3
36.56,884.97,33.91,32.63,469.12,1.253,3
36.43,511.86,38.61,37.28,367.54,1.455,3
87.02,814.52,25.75,27.72,77.87,0.484,0
85.1,841.97,22.83,22.12,96.1,0.526,0
46.3,839.68,38.11,36.5,303.45,0.959,3
40.76,630.22,34.24,30.38,533.93,1.143,2
52.08,777.45,33.23,26.39,657.76,0.939,2
74.55,934.32,26.4,22.1,179.03,0.598,0
63.4,790.62,22.16,22.2,192.19,0.347,0
65.52,693.51,33.32,26.0,613.3,1.127,2
49.73,758.44,34.65,25.62,452.72,0.992,2
11.21,796.08,33.66,29.49,129.47,0.846,1
41.07,825.97,38.74,35.11,413.77,1.485,3
38.78,761.65,38.08,31.11,298.34,0.87,3
66.82,780.2,28.28,29.61,96.08,0.427,0
47.78,595.81,27.64,32.07,420.0,0.737,2
36.46,461.51,33.28,31.15,450.61,1.358,3
15.13,754.22,30.15,30.15,171.15,0.933,1
18.17,848.21,38.25,35.56,110.83,0.946,1
24.81,529.1,33.36,30.86,100.4,0.744,1
20.32,702.25,31.03,30.73,221.01,0.873,1
18.37,610.04,39.92,29.05,162.77,0.701,1
45.3,783.35,26.98,27.53,427.79,0.856,2
19.06,718.08,35.1,30.01,159.11,0.864,1
89.89,854.38,24.14,25.64,82.33,0.301,0
44.38,557.12,26.93,27.48,671.04,0.858,2
19.86,712.78,32.59,32.4,265.98,0.866,1
68.32,479.19,28.23,29.3,653.33,0.985,2
57.02,748.4,26.23,27.35,777.47,0.917,2
47.18,894.07,36.39,36.16,480.27,1.464,3
34.74,583.09,37.46,37.11,436.34,0.985,3
31.99,688.04,38.56,34.3,447.71,1.101,3
76.19,979.62,24.22,28.4,170.25,0.425,0
39.11,871.67,32.44,35.4,497.77,1.134,3
63.88,912.38,22.42,26.41,98.45,0.385,0
13.34,654.32,38.38,35.23,199.41,0.815,1
59.08,625.57,30.84,29.87,764.3,1.145,2
35.51,631.27,32.93,37.91,443.29,1.304,3
37.53,339.95,32.92,34.0,424.44,1.114,3
48.11,639.59,25.78,32.49,646.77,0.958,2
21.64,514.44,38.89,35.53,136.53,0.824,1
14.57,882.01,37.15,33.45,102.49,0.643,1
12.8,752.31,33.77,33.36,272.58,0.679,1
51.46,528.93,30.23,30.26,488.31,1.145,2
45.26,944.65,34.67,36.86,322.77,1.412,3
25.44,502.51,34.31,30.02,284.81,0.862,1
15.11,836.78,32.82,31.24,264.52,0.838,1
78.5,837.74,27.1,28.09,136.43,0.554,0
47.72,669.64,38.2,34.63,487.85,1.45,3
47.97,618.9,36.56,31.15,428.34,1.056,3
68.47,720.09,26.31,27.85,52.27,0.496,0
42.57,689.91,38.39,31.55,274.41,1.363,3
43.52,685.36,28.12,32.29,718.25,0.876,2
22.96,878.9,36.82,32.52,165.14,0.62,1
40.51,631.62,33.66,37.7,345.33,1.384,3
21.96,677.97,32.39,33.78,146.05,0.69,1
56.97,690.7,32.0,31.84,703.61,1.193,2
20.05,523.97,34.18,33.24,252.11,0.69,1
33.37,644.14,40.89,32.91,264.96,1.303,3
62.25,501.12,25.15,28.74,576.0,0.757,2
78.53,972.27,29.78,29.74,78.78,0.561,0
69.73,762.31,28.5,22.56,55.8,0.449,0
18.14,515.45,38.96,31.23,284.93,0.612,1
16.91,747.66,31.63,29.04,151.84,0.987,1
39.65,858.67,38.3,33.43,371.7,0.928,3
63.09,741.03,26.38,26.54,766.24,1.061,2
22.95,759.42,33.98,32.48,143.12,0.827,1
45.84,773.05,32.46,29.99,661.81,1.174,2
55.52,557.48,31.49,32.11,647.69,0.8,2
87.94,856.06,29.99,25.77,92.45,0.521,0
42.01,776.37,30.82,29.12,423.78,1.161,2
48.61,331.17,33.68,35.65,453.65,0.958,3
14.89,632.58,38.44,35.03,226.25,0.873,1
69.47,797.25,32.61,28.25,536.54,0.967,2
80.56,796.33,25.23,25.72,62.52,0.369,0
55.8,753.88,27.46,25.9,591.43,1.115,2
50.29,581.26,26.4,26.9,469.3,1.167,2
27.93,842.6,33.94,33.76,103.0,0.723,1
82.61,824.39,25.44,27.85,63.01,0.382,0
86.0,869.79,24.99,26.75,95.95,0.351,0
12.16,762.62,35.27,31.23,206.95,0.811,1
50.1,525.31,27.29,29.03,728.06,0.8,2
13.61,554.13,35.79,34.6,124.78,0.792,1
83.5,861.53,29.08,29.09,191.79,0.499,0
18.07,551.44,38.17,33.48,259.35,0.822,1
28.37,575.06,38.74,32.78,284.13,0.673,1
47.42,616.64,25.68,29.74,774.08,1.196,2
88.32,719.65,28.91,27.26,73.71,0.465,0
43.12,445.07,41.61,35.1,458.72,1.113,3
67.36,865.03,27.39,23.65,168.68,0.476,0
35.26,894.09,39.43,36.08,314.55,1.311,3
28.52,863.48,33.09,29.65,177.55,0.889,1
46.91,425.57,28.35,27.59,557.37,1.054,2
33.71,397.35,40.27,36.09,436.96,1.378,3
25.67,683.23,38.99,34.26,241.49,0.986,1
43.8,556.82,31.51,26.6,449.65,0.804,2
20.24,895.18,37.64,31.91,111.04,0.954,1
26.13,533.41,37.82,35.33,281.53,0.976,1
43.14,499.26,33.89,27.06,438.62,0.727,2
43.15,721.5,37.12,37.49,260.73,1.275,3
33.96,628.36,38.63,37.12,375.12,1.379,3
65.11,702.2,24.6,29.7,75.2,0.368,0
16.62,764.14,30.75,29.3,177.37,0.784,1
79.21,968.57,25.31,22.59,148.37,0.451,0
43.92,423.38,33.62,36.79,284.86,1.488,3
53.28,412.36,33.11,26.76,471.7,0.83,2
63.47,599.54,30.6,32.19,488.86,0.71,2
41.29,583.19,34.29,33.31,258.88,0.919,3
22.85,650.1,38.81,33.27,149.1,0.893,1
33.86,608.35,38.06,35.1,400.56,1.414,3
67.73,894.57,27.17,26.11,76.3,0.554,0
34.69,741.91,40.28,37.16,310.2,1.45,3
33.02,677.4,41.47,35.97,468.88,1.355,3
89.45,910.68,24.75,27.25,59.85,0.445,0
47.41,354.15,40.52,33.78,271.2,0.866,3
83.52,811.34,25.5,22.74,109.01,0.506,0
45.57,491.1,41.52,32.82,458.49,1.173,3
11.48,699.34,32.19,28.39,243.88,0.777,1
39.82,344.24,35.73,30.59,488.26,1.405,3
26.59,836.44,31.72,33.06,129.7,0.775,1
69.69,871.27,28.16,23.54,172.73,0.458,0
14.6,879.81,34.31,28.21,101.2,0.86,1
10.42,543.73,38.87,30.51,237.28,0.737,1
69.02,592.34,31.5,28.67,571.41,1.19,2
30.68,869.67,40.83,35.19,398.91,0.943,3
29.72,734.68,32.21,33.8,275.04,0.742,1
47.04,766.21,37.43,33.43,299.66,1.272,3
57.27,646.45,33.84,32.19,592.07,0.814,2
18.43,819.49,31.99,35.7,165.15,0.607,1
13.53,531.18,35.08,32.75,139.99,0.844,1
24.73,536.65,30.96,28.35,182.13,0.704,1
46.03,769.79,41.16,30.99,455.4,0.804,3
29.89,520.22,39.99,28.72,150.48,0.878,1
61.01,733.03,25.73,26.77,755.43,0.786,2
15.13,506.38,37.85,29.25,191.24,0.644,1
64.56,789.76,34.78,31.3,512.18,1.163,2
63.97,424.13,25.28,31.22,789.89,1.186,2
34.18,415.75,35.2,31.16,364.01,1.405,3
44.72,621.29,33.49,32.18,449.32,1.451,3
63.79,552.76,30.3,25.22,626.01,0.996,2
48.56,938.87,33.34,30.98,467.45,1.067,3
86.54,896.78,29.2,24.57,178.72,0.468,0
83.57,742.06,24.58,26.76,183.18,0.587,0
84.92,716.11,23.4,28.16,109.34,0.382,0
36.87,605.53,38.04,30.84,361.42,0.932,3
62.66,775.27,29.43,23.44,80.53,0.357,0
53.27,611.48,27.95,27.13,472.52,0.774,2
53.49,588.11,28.82,31.96,653.09,1.128,2
53.24,503.15,33.26,29.09,632.56,1.148,2
40.75,664.83,30.01,28.67,647.61,1.061,2
14.9,876.12,35.38,32.23,139.12,0.629,1
20.67,800.77,33.47,31.41,111.8,0.766,1
56.13,471.85,34.71,31.13,708.72,1.117,2
13.65,543.81,32.25,33.46,253.12,0.955,1
44.9,760.1,41.0,36.52,418.85,1.232,3
28.33,545.83,39.88,32.41,220.23,0.983,1
10.84,787.56,34.63,34.5,112.35,0.838,1
36.22,665.33,35.68,31.42,494.91,0.829,3
65.98,997.24,23.35,26.15,174.85,0.413,0
59.19,469.94,28.23,26.33,701.76,0.925,2
21.14,670.65,30.39,29.97,283.8,0.717,1
65.65,865.03,27.27,23.57,160.67,0.436,0
40.34,689.49,41.81,36.75,264.42,1.49,3
88.07,804.9,24.64,26.86,105.69,0.387,0
30.26,771.28,37.14,31.7,344.44,1.095,3
89.29,925.63,28.9,28.85,79.56,0.372,0
57.7,790.51,32.56,25.54,481.26,0.843,2
87.25,925.94,24.38,28.66,79.22,0.308,0
55.27,402.26,31.49,29.18,546.24,0.922,2
76.4,822.99,22.14,28.75,106.5,0.537,0
47.91,511.12,34.89,28.12,404.58,0.972,2
13.15,545.45,31.44,35.37,237.82,0.95,1
68.32,982.63,24.08,28.85,192.53,0.4,0
50.66,671.88,34.77,27.18,712.91,1.146,2
56.14,592.67,26.41,31.05,530.16,1.172,2
28.21,558.73,34.42,35.9,233.74,0.728,1
85.41,960.2,23.16,23.22,162.53,0.573,0
11.21,744.29,35.65,31.44,155.61,0.659,1
85.99,721.51,29.66,28.56,190.69,0.308,0
63.88,845.98,22.07,26.78,177.43,0.391,0
34.41,439.78,40.5,31.16,321.65,1.036,3
41.76,533.59,34.94,35.64,355.03,1.314,3
68.04,735.93,32.84,28.73,675.33,0.74,2
42.33,851.6,34.07,32.41,285.34,1.027,3
20.71,861.75,35.51,32.99,181.29,0.886,1
24.95,592.31,37.62,31.51,211.24,0.67,1
52.58,691.0,34.38,29.56,520.56,0.705,2
64.39,609.34,26.97,32.41,702.16,1.023,2
61.47,759.72,28.07,27.75,191.82,0.495,0
69.51,970.56,28.29,25.35,165.48,0.516,0
53.98,637.79,28.53,32.72,683.76,0.709,2
49.66,617.81,36.16,33.77,373.24,0.921,3
65.27,968.1,25.01,28.14,132.81,0.458,0
10.09,732.01,36.07,30.82,241.63,0.863,1
78.52,988.26,27.14,27.75,60.27,0.34,0
46.71,416.71,32.95,25.16,496.29,1.08,2
13.01,774.58,34.35,34.2,123.05,0.933,1
49.27,681.78,28.37,31.27,521.69,1.175,2
28.92,674.32,35.15,31.8,255.78,0.899,1
62.62,428.14,26.49,31.85,722.88,1.005,2
55.6,712.65,28.87,27.73,547.78,1.118,2
77.86,945.63,22.09,29.16,104.69,0.368,0
32.38,851.93,33.11,30.43,460.43,1.479,3
65.79,846.32,29.15,22.44,147.91,0.528,0
24.99,670.74,36.46,31.4,129.62,0.631,1
11.38,503.08,30.39,32.43,266.12,0.696,1
37.36,509.12,41.4,33.18,282.17,1.428,3
17.18,702.36,38.49,35.16,281.62,0.653,1
81.87,756.73,23.83,26.15,74.66,0.451,0
35.59,763.74,34.29,30.92,454.22,1.46,3
86.67,720.78,27.91,27.49,72.84,0.542,0
68.41,452.07,26.18,25.94,516.13,1.035,2
30.91,384.42,38.25,35.92,352.36,1.336,3
45.0,680.24,32.67,31.38,702.97,0.743,2
26.81,588.44,32.63,35.27,119.84,0.737,1
60.67,823.33,28.57,22.6,142.73,0.34,0
42.81,698.69,32.02,33.78,487.23,0.871,3
31.18,567.53,36.28,34.03,405.21,1.44,3
42.49,706.62,33.91,35.49,265.81,1.426,3
44.32,643.77,26.13,31.55,676.66,1.169,2
60.04,801.35,25.62,29.47,120.31,0.44,0
17.28,533.08,34.8,34.23,238.41,0.907,1
48.11,507.93,39.12,31.99,259.5,1.107,3
29.43,614.0,31.47,30.91,152.58,0.804,1
73.87,960.69,22.38,23.33,60.71,0.536,0
68.48,703.07,30.77,26.14,619.51,0.772,2
12.09,798.84,32.62,32.07,134.31,0.983,1
83.83,991.95,22.85,26.97,170.0,0.596,0
44.54,535.8,31.49,27.2,671.18,0.817,2
40.33,767.6,37.36,30.88,464.77,0.822,3
26.6,759.72,34.4,35.68,213.18,0.648,1
66.4,578.25,32.14,29.73,708.94,1.195,2
16.06,753.03,31.65,30.19,174.86,0.998,1
88.58,757.39,26.32,29.99,102.52,0.38,0
76.62,780.43,26.82,26.8,163.6,0.597,0
45.58,675.01,39.44,37.51,475.04,1.233,3
75.67,809.46,24.51,26.13,167.14,0.488,0
56.07,742.93,34.91,29.01,634.91,1.015,2
48.56,555.23,38.83,35.5,367.94,1.09,3
49.52,493.02,31.71,27.53,728.53,1.187,2
60.58,879.57,24.74,24.75,85.73,0.596,0
24.9,560.6,30.42,30.95,230.22,0.605,1
60.27,731.9,22.95,24.19,185.42,0.535,0
18.51,507.44,35.07,28.93,249.42,0.82,1
46.61,585.07,28.06,26.58,449.53,0.793,2
17.95,574.7,36.34,28.95,148.96,0.629,1
36.74,660.06,40.87,34.47,489.09,1.087,3
70.47,825.29,23.98,29.03,75.28,0.509,0
71.81,989.41,24.8,23.29,117.3,0.474,0
68.34,643.52,29.75,30.24,476.96,1.054,2
42.5,585.57,35.0,33.48,399.47,0.868,3
81.63,947.02,27.19,25.17,171.53,0.421,0
61.41,861.48,28.77,26.83,116.64,0.406,0
78.48,807.31,27.02,22.89,80.22,0.398,0
19.79,757.61,38.15,29.44,235.49,0.914,1
37.97,464.15,39.05,34.27,406.08,0.846,3
70.22,707.13,27.05,27.64,162.69,0.377,0
43.83,729.33,37.87,32.88,403.2,1.449,3
43.93,447.07,38.54,37.35,288.3,1.032,3
61.27,450.42,28.34,30.89,478.63,1.164,2
54.51,637.29,33.83,26.65,482.38,1.094,2
45.18,881.38,38.15,33.33,327.37,1.186,3
30.03,867.58,33.26,35.13,285.94,1.189,3
47.35,680.38,26.8,29.36,684.78,1.158,2
21.44,677.11,30.12,32.88,226.17,0.915,1
41.4,479.85,30.98,25.2,745.62,1.111,2
29.21,795.86,38.72,32.49,264.81,0.711,1
45.93,604.84,30.93,27.54,676.21,0.866,2
61.28,975.57,28.56,22.2,134.31,0.419,0
28.76,821.29,33.63,34.82,262.01,0.649,1
31.74,822.21,39.76,32.89,318.15,1.086,3
30.33,415.05,33.35,35.97,343.94,1.334,3
49.96,941.06,40.54,35.54,413.75,0.831,3
61.17,979.41,27.42,23.78,71.34,0.539,0
40.75,526.72,34.17,36.19,367.11,1.303,3
44.57,628.65,37.57,32.86,288.16,0.922,3
41.44,388.06,41.16,32.89,467.31,1.441,3
72.69,779.39,25.74,26.72,174.76,0.397,0
82.3,985.05,29.36,29.09,167.32,0.567,0
43.83,638.58,41.47,33.19,277.97,1.431,3
17.15,528.42,31.58,28.48,220.41,0.749,1
14.84,556.37,37.04,30.07,292.97,0.827,1
24.25,570.01,32.78,33.47,276.16,0.676,1
47.79,499.73,28.43,25.3,780.65,1.105,2
47.47,807.05,37.3,30.16,280.33,1.087,3
64.19,461.52,31.35,30.18,530.2,0.863,2
60.01,779.6,25.73,30.34,795.7,1.079,2
70.08,787.96,27.72,26.94,83.57,0.559,0
54.78,526.52,26.92,28.59,402.13,0.811,2
27.95,828.99,33.23,28.88,270.05,0.846,1
44.55,615.24,33.64,29.95,549.52,1.119,2
45.42,629.88,29.52,29.33,630.18,0.828,2
46.3,626.04,34.46,30.24,617.37,0.807,2
46.21,490.1,35.68,35.38,406.89,1.355,3
10.51,540.62,39.17,31.45,182.97,0.922,1
64.66,764.77,27.76,29.76,798.94,1.001,2
62.76,744.93,26.04,26.98,106.86,0.389,0
89.04,986.81,24.63,23.21,115.55,0.512,0
16.52,548.46,36.12,30.08,194.7,0.678,1
23.89,843.16,34.15,28.27,220.14,0.656,1
42.69,452.06,33.03,32.21,277.32,1.445,3
81.97,927.48,27.22,23.69,95.25,0.58,0
18.0,708.15,32.29,32.29,142.25,0.714,1
65.94,648.2,26.9,30.74,787.45,0.766,2
52.95,670.14,30.81,25.35,463.27,0.851,2
18.65,666.98,37.5,28.54,198.3,0.9,1
35.15,411.25,38.84,32.07,319.35,1.458,3
30.78,629.21,33.44,36.98,463.16,1.049,3
53.13,728.21,27.14,25.45,517.73,0.708,2
16.6,599.85,39.6,31.59,240.13,0.623,1
24.54,836.38,34.9,31.6,162.33,0.773,1
